timestamp,adservice_running,adservice_paused,cartservice_running,cartservice_paused,checkoutservice_running,checkoutservice_paused,currencyservice_running,currencyservice_paused,emailservice_running,emailservice_paused,paymentservice_running,paymentservice_paused,productcatalogservice_running,productcatalogservice_paused,recommendationservice_running,recommendationservice_paused,shippingservice_running,shippingservice_paused,service_group_0,service_group_1,service_group_2,service_group_3,service_group_4,service_group_5,service_group_6,service_group_7,service_group_8,service_avail_0,service_avail_1,service_avail_2,service_avail_3,service_avail_4,service_avail_5,service_avail_6,service_avail_7,service_avail_8,optimize_flag,pause_flag
2025-07-02T22:27:12.830011,5,0,5,0,5,0,5,0,5,0,5,0,5,0,5,0,5,0,,,,,,,,,,,,,,,,,,,0,0
2025-07-02T22:27:13.041420,5,0,5,0,5,0,5,0,5,0,5,0,5,0,5,0,5,0,"[1, 0, 0, 0, 0, 0, 0, 0, 0]","[0, 1, 0, 0, 0, 0, 0, 0, 0]","[0, 0, 1, 0, 0, 0, 0, 0, 0]","[0, 0, 0, 1, 0, 0, 0, 0, 0]","[0, 0, 0, 0, 1, 0, 0, 0, 0]","[0, 0, 0, 0, 0, 1, 0, 0, 0]","[0, 0, 0, 0, 0, 0, 1, 0, 0]","[0, 0, 0, 0, 0, 0, 0, 1, 0]","[0, 0, 0, 0, 0, 0, 0, 0, 1]",0.999,0.999,0.999,0.999,0.999,0.999,0.999,0.999,0.999,1,0
2025-07-02T22:27:43.341778,4,1,4,1,4,1,4,1,4,1,4,1,4,1,4,1,4,1,"[1, 0, 0, 0, 0, 0, 0, 0, 0]","[0, 1, 0, 0, 0, 0, 0, 0, 0]","[0, 0, 1, 0, 0, 0, 0, 0, 0]","[0, 0, 0, 1, 0, 0, 0, 0, 0]","[0, 0, 0, 0, 1, 0, 0, 0, 0]","[0, 0, 0, 0, 0, 1, 0, 0, 0]","[0, 0, 0, 0, 0, 0, 1, 0, 0]","[0, 0, 0, 0, 0, 0, 0, 1, 0]","[0, 0, 0, 0, 0, 0, 0, 0, 1]",,,,,,,,,,0,0
2025-07-02T22:28:13.779154,5,0,5,0,5,0,5,0,5,0,5,0,5,0,5,0,5,0,"[1, 0, 0, 0, 0, 0, 0, 0, 0]","[0, 1, 0, 0, 0, 0, 0, 0, 0]","[0, 0, 1, 0, 0, 0, 0, 0, 0]","[0, 0, 0, 1, 0, 0, 0, 0, 0]","[0, 0, 0, 0, 1, 0, 0, 0, 0]","[0, 0, 0, 0, 0, 1, 0, 0, 0]","[0, 0, 0, 0, 0, 0, 1, 0, 0]","[0, 0, 0, 0, 0, 0, 0, 1, 0]","[0, 0, 0, 0, 0, 0, 0, 0, 1]",,,,,,,,,,0,0
2025-07-02T22:28:44.279395,5,0,5,0,5,0,5,0,5,0,5,0,5,0,5,0,5,0,"[1, 0, 0, 0, 0, 0, 0, 0, 0]","[0, 1, 0, 0, 0, 0, 0, 0, 0]","[0, 0, 1, 0, 0, 0, 0, 0, 0]","[0, 0, 0, 1, 0, 0, 0, 0, 0]","[0, 0, 0, 0, 1, 0, 0, 0, 0]","[0, 0, 0, 0, 0, 1, 0, 0, 0]","[0, 0, 0, 0, 0, 0, 1, 0, 0]","[0, 0, 0, 0, 0, 0, 0, 1, 0]","[0, 0, 0, 0, 0, 0, 0, 0, 1]",,,,,,,,,,0,0
2025-07-02T22:29:14.737993,4,1,4,1,4,1,4,1,4,1,4,1,4,1,4,1,4,1,"[1, 0, 0, 0, 0, 0, 0, 0, 0]","[0, 1, 0, 0, 0, 0, 0, 0, 0]","[0, 0, 1, 0, 0, 0, 0, 0, 0]","[0, 0, 0, 1, 0, 0, 0, 0, 0]","[0, 0, 0, 0, 1, 0, 0, 0, 0]","[0, 0, 0, 0, 0, 1, 0, 0, 0]","[0, 0, 0, 0, 0, 0, 1, 0, 0]","[0, 0, 0, 0, 0, 0, 0, 1, 0]","[0, 0, 0, 0, 0, 0, 0, 0, 1]",,,,,,,,,,0,0
2025-07-02T22:29:45.161525,5,0,5,0,5,0,5,0,5,0,5,0,5,0,5,0,5,0,"[1, 0, 0, 0, 0, 0, 0, 0, 0]","[0, 1, 0, 0, 0, 0, 0, 0, 0]","[0, 0, 1, 0, 0, 0, 0, 0, 0]","[0, 0, 0, 1, 0, 0, 0, 0, 0]","[0, 0, 0, 0, 1, 0, 0, 0, 0]","[0, 0, 0, 0, 0, 1, 0, 0, 0]","[0, 0, 0, 0, 0, 0, 1, 0, 0]","[0, 0, 0, 0, 0, 0, 0, 1, 0]","[0, 0, 0, 0, 0, 0, 0, 0, 1]",,,,,,,,,,0,0
2025-07-02T22:30:15.647196,5,0,5,0,5,0,5,0,5,0,5,0,5,0,5,0,5,0,"[1, 0, 0, 0, 0, 0, 0, 0, 0]","[0, 1, 0, 0, 0, 0, 0, 0, 0]","[0, 0, 1, 0, 0, 0, 0, 0, 0]","[0, 0, 0, 1, 0, 0, 0, 0, 0]","[0, 0, 0, 0, 1, 0, 0, 0, 0]","[0, 0, 0, 0, 0, 1, 0, 0, 0]","[0, 0, 0, 0, 0, 0, 1, 0, 0]","[0, 0, 0, 0, 0, 0, 0, 1, 0]","[0, 0, 0, 0, 0, 0, 0, 0, 1]",,,,,,,,,,0,0
2025-07-02T22:30:46.128172,5,0,5,0,5,0,5,0,5,0,5,0,5,0,5,0,5,0,"[1, 0, 0, 0, 0, 0, 0, 0, 0]","[0, 1, 0, 0, 0, 0, 0, 0, 0]","[0, 0, 1, 0, 0, 0, 0, 0, 0]","[0, 0, 0, 1, 0, 0, 0, 0, 0]","[0, 0, 0, 0, 1, 0, 0, 0, 0]","[0, 0, 0, 0, 0, 1, 0, 0, 0]","[0, 0, 0, 0, 0, 0, 1, 0, 0]","[0, 0, 0, 0, 0, 0, 0, 1, 0]","[0, 0, 0, 0, 0, 0, 0, 0, 1]",,,,,,,,,,0,0
2025-07-02T22:31:16.584394,4,1,4,1,4,1,4,1,4,1,4,1,4,1,4,1,4,1,"[1, 0, 0, 0, 0, 0, 0, 0, 0]","[0, 1, 0, 0, 0, 0, 0, 0, 0]","[0, 0, 1, 0, 0, 0, 0, 0, 0]","[0, 0, 0, 1, 0, 0, 0, 0, 0]","[0, 0, 0, 0, 1, 0, 0, 0, 0]","[0, 0, 0, 0, 0, 1, 0, 0, 0]","[0, 0, 0, 0, 0, 0, 1, 0, 0]","[0, 0, 0, 0, 0, 0, 0, 1, 0]","[0, 0, 0, 0, 0, 0, 0, 0, 1]",,,,,,,,,,0,0
2025-07-02T22:31:46.985180,4,1,4,1,4,1,4,1,4,1,4,1,4,1,4,1,4,1,"[1, 0, 0, 0, 0, 0, 0, 0, 0]","[0, 1, 0, 0, 0, 0, 0, 0, 0]","[0, 0, 1, 0, 0, 0, 0, 0, 0]","[0, 0, 0, 1, 0, 0, 0, 0, 0]","[0, 0, 0, 0, 1, 0, 0, 0, 0]","[0, 0, 0, 0, 0, 1, 0, 0, 0]","[0, 0, 0, 0, 0, 0, 1, 0, 0]","[0, 0, 0, 0, 0, 0, 0, 1, 0]","[0, 0, 0, 0, 0, 0, 0, 0, 1]",,,,,,,,,,0,0
2025-07-02T22:32:17.400475,4,1,4,1,4,1,4,1,4,1,4,1,4,1,4,1,4,1,"[1, 0, 0, 0, 0, 0, 0, 0, 0]","[0, 1, 0, 0, 0, 0, 0, 0, 0]","[0, 0, 1, 0, 0, 0, 0, 0, 0]","[0, 0, 0, 1, 0, 0, 0, 0, 0]","[0, 0, 0, 0, 1, 0, 0, 0, 0]","[0, 0, 0, 0, 0, 1, 0, 0, 0]","[0, 0, 0, 0, 0, 0, 1, 0, 0]","[0, 0, 0, 0, 0, 0, 0, 1, 0]","[0, 0, 0, 0, 0, 0, 0, 0, 1]",,,,,,,,,,0,0
2025-07-02T22:32:47.791533,4,1,4,1,4,1,4,1,4,1,4,1,3,2,4,1,4,1,"[1, 0, 0, 0, 0, 0, 0, 0, 0]","[0, 1, 0, 0, 0, 0, 0, 0, 0]","[0, 0, 1, 0, 0, 0, 0, 0, 0]","[0, 0, 0, 1, 0, 0, 0, 0, 0]","[0, 0, 0, 0, 1, 0, 0, 0, 0]","[0, 0, 0, 0, 0, 1, 0, 0, 0]","[0, 0, 0, 0, 0, 0, 1, 0, 0]","[0, 0, 0, 0, 0, 0, 0, 1, 0]","[0, 0, 0, 0, 0, 0, 0, 0, 1]",,,,,,,,,,0,0
2025-07-02T22:33:18.183510,4,1,4,1,4,1,4,1,4,1,3,2,3,2,4,1,4,1,"[1, 0, 0, 0, 0, 0, 0, 0, 0]","[0, 1, 0, 0, 0, 0, 0, 0, 0]","[0, 0, 1, 0, 0, 0, 0, 0, 0]","[0, 0, 0, 1, 0, 0, 0, 0, 0]","[0, 0, 0, 0, 1, 0, 0, 0, 0]","[0, 0, 0, 0, 0, 1, 0, 0, 0]","[0, 0, 0, 0, 0, 0, 1, 0, 0]","[0, 0, 0, 0, 0, 0, 0, 1, 0]","[0, 0, 0, 0, 0, 0, 0, 0, 1]",,,,,,,,,,0,0
2025-07-02T22:33:48.571561,4,1,4,1,4,1,4,1,4,1,4,1,3,2,4,1,4,1,"[1, 0, 0, 0, 0, 0, 0, 0, 0]","[0, 1, 0, 0, 0, 0, 0, 0, 0]","[0, 0, 1, 0, 0, 0, 0, 0, 0]","[0, 0, 0, 1, 0, 0, 0, 0, 0]","[0, 0, 0, 0, 1, 0, 0, 0, 0]","[0, 0, 0, 0, 0, 1, 0, 0, 0]","[0, 0, 0, 0, 0, 0, 1, 0, 0]","[0, 0, 0, 0, 0, 0, 0, 1, 0]","[0, 0, 0, 0, 0, 0, 0, 0, 1]",,,,,,,,,,0,0
2025-07-02T22:34:18.940552,4,1,4,1,4,1,4,1,4,1,4,1,3,2,4,1,4,1,"[1, 0, 0, 0, 0, 0, 0, 0, 0]","[0, 1, 0, 0, 0, 0, 0, 0, 0]","[0, 0, 1, 0, 0, 0, 0, 0, 0]","[0, 0, 0, 1, 0, 0, 0, 0, 0]","[0, 0, 0, 0, 1, 0, 0, 0, 0]","[0, 0, 0, 0, 0, 1, 0, 0, 0]","[0, 0, 0, 0, 0, 0, 1, 0, 0]","[0, 0, 0, 0, 0, 0, 0, 1, 0]","[0, 0, 0, 0, 0, 0, 0, 0, 1]",,,,,,,,,,0,0
2025-07-02T22:34:49.336975,4,1,4,1,4,1,4,1,4,1,3,2,3,2,4,1,4,1,"[1, 0, 0, 0, 0, 0, 0, 0, 0]","[0, 1, 0, 0, 0, 0, 0, 0, 0]","[0, 0, 1, 0, 0, 0, 0, 0, 0]","[0, 0, 0, 1, 0, 0, 0, 0, 0]","[0, 0, 0, 0, 1, 0, 0, 0, 0]","[0, 0, 0, 0, 0, 1, 0, 0, 0]","[0, 0, 0, 0, 0, 0, 1, 0, 0]","[0, 0, 0, 0, 0, 0, 0, 1, 0]","[0, 0, 0, 0, 0, 0, 0, 0, 1]",,,,,,,,,,0,0
2025-07-02T22:35:19.737606,4,1,4,1,4,1,4,1,4,1,3,2,3,2,4,1,4,1,"[1, 0, 0, 0, 0, 0, 0, 0, 0]","[0, 1, 0, 0, 0, 0, 0, 0, 0]","[0, 0, 1, 0, 0, 0, 0, 0, 0]","[0, 0, 0, 1, 0, 0, 0, 0, 0]","[0, 0, 0, 0, 1, 0, 0, 0, 0]","[0, 0, 0, 0, 0, 1, 0, 0, 0]","[0, 0, 0, 0, 0, 0, 1, 0, 0]","[0, 0, 0, 0, 0, 0, 0, 1, 0]","[0, 0, 0, 0, 0, 0, 0, 0, 1]",,,,,,,,,,0,0
2025-07-02T22:35:50.135885,4,1,4,1,4,1,4,1,4,1,4,1,3,2,4,1,4,1,"[1, 0, 0, 0, 0, 0, 0, 0, 0]","[0, 1, 0, 0, 0, 0, 0, 0, 0]","[0, 0, 1, 0, 0, 0, 0, 0, 0]","[0, 0, 0, 1, 0, 0, 0, 0, 0]","[0, 0, 0, 0, 1, 0, 0, 0, 0]","[0, 0, 0, 0, 0, 1, 0, 0, 0]","[0, 0, 0, 0, 0, 0, 1, 0, 0]","[0, 0, 0, 0, 0, 0, 0, 1, 0]","[0, 0, 0, 0, 0, 0, 0, 0, 1]",,,,,,,,,,0,0
2025-07-02T22:36:20.528670,4,1,4,1,4,1,4,1,4,1,4,1,3,2,4,1,4,1,"[1, 0, 0, 0, 0, 0, 0, 0, 0]","[0, 1, 0, 0, 0, 0, 0, 0, 0]","[0, 0, 1, 0, 0, 0, 0, 0, 0]","[0, 0, 0, 1, 0, 0, 0, 0, 0]","[0, 0, 0, 0, 1, 0, 0, 0, 0]","[0, 0, 0, 0, 0, 1, 0, 0, 0]","[0, 0, 0, 0, 0, 0, 1, 0, 0]","[0, 0, 0, 0, 0, 0, 0, 1, 0]","[0, 0, 0, 0, 0, 0, 0, 0, 1]",,,,,,,,,,0,0
2025-07-02T22:36:50.920076,4,1,4,1,3,2,4,1,3,2,3,2,2,3,3,2,3,2,"[1, 0, 0, 0, 0, 0, 0, 0, 0]","[0, 1, 0, 0, 0, 0, 0, 0, 0]","[0, 0, 1, 0, 0, 0, 0, 0, 0]","[0, 0, 0, 1, 0, 0, 0, 0, 0]","[0, 0, 0, 0, 1, 0, 0, 0, 0]","[0, 0, 0, 0, 0, 1, 0, 0, 0]","[0, 0, 0, 0, 0, 0, 1, 0, 0]","[0, 0, 0, 0, 0, 0, 0, 1, 0]","[0, 0, 0, 0, 0, 0, 0, 0, 1]",,,,,,,,,,0,0
2025-07-02T22:37:13.832131,3,2,3,2,3,2,3,2,3,2,3,2,2,3,3,2,3,2,"[1, 0, 0, 0, 0, 0, 0, 0, 0]","[0, 1, 0, 0, 0, 0, 0, 0, 0]","[0, 0, 1, 0, 0, 0, 0, 0, 0]","[0, 0, 0, 1, 0, 0, 0, 0, 0]","[0, 0, 0, 0, 1, 0, 0, 0, 0]","[0, 0, 0, 0, 0, 1, 0, 0, 0]","[0, 0, 0, 0, 0, 0, 1, 0, 0]","[0, 0, 0, 0, 0, 0, 0, 1, 0]","[0, 0, 0, 0, 0, 0, 0, 0, 1]",0.8400000000000001,0.8400000000000001,0.8300000000000001,0.8400000000000001,0.8300000000000001,0.8,0.73,0.8300000000000001,0.8300000000000001,1,0
2025-07-02T22:37:21.380278,5,0,5,0,5,0,5,0,5,0,5,0,5,0,5,0,5,0,"[1, 0, 0, 0, 0, 0, 0, 0, 0]","[0, 1, 0, 0, 0, 0, 0, 0, 0]","[0, 0, 1, 0, 0, 0, 0, 0, 0]","[0, 0, 0, 1, 0, 0, 0, 0, 0]","[0, 0, 0, 0, 1, 0, 0, 0, 0]","[0, 0, 0, 0, 0, 1, 0, 0, 0]","[0, 0, 0, 0, 0, 0, 1, 0, 0]","[0, 0, 0, 0, 0, 0, 0, 1, 0]","[0, 0, 0, 0, 0, 0, 0, 0, 1]",,,,,,,,,,0,0
2025-07-02T22:37:51.742371,3,2,3,2,3,2,3,2,3,2,3,2,2,3,3,2,3,2,"[1, 0, 0, 0, 0, 0, 0, 0, 0]","[0, 1, 0, 0, 0, 0, 0, 0, 0]","[0, 0, 1, 0, 0, 0, 0, 0, 0]","[0, 0, 0, 1, 0, 0, 0, 0, 0]","[0, 0, 0, 0, 1, 0, 0, 0, 0]","[0, 0, 0, 0, 0, 1, 0, 0, 0]","[0, 0, 0, 0, 0, 0, 1, 0, 0]","[0, 0, 0, 0, 0, 0, 0, 1, 0]","[0, 0, 0, 0, 0, 0, 0, 0, 1]",,,,,,,,,,0,0
2025-07-02T22:38:22.055377,3,2,3,2,3,2,3,2,3,2,3,2,2,3,3,2,3,2,"[1, 0, 0, 0, 0, 0, 0, 0, 0]","[0, 1, 0, 0, 0, 0, 0, 0, 0]","[0, 0, 1, 0, 0, 0, 0, 0, 0]","[0, 0, 0, 1, 0, 0, 0, 0, 0]","[0, 0, 0, 0, 1, 0, 0, 0, 0]","[0, 0, 0, 0, 0, 1, 0, 0, 0]","[0, 0, 0, 0, 0, 0, 1, 0, 0]","[0, 0, 0, 0, 0, 0, 0, 1, 0]","[0, 0, 0, 0, 0, 0, 0, 0, 1]",,,,,,,,,,0,0
2025-07-02T22:38:52.395735,4,1,4,1,4,1,4,1,4,1,4,1,3,2,4,1,4,1,"[1, 0, 0, 0, 0, 0, 0, 0, 0]","[0, 1, 0, 0, 0, 0, 0, 0, 0]","[0, 0, 1, 0, 0, 0, 0, 0, 0]","[0, 0, 0, 1, 0, 0, 0, 0, 0]","[0, 0, 0, 0, 1, 0, 0, 0, 0]","[0, 0, 0, 0, 0, 1, 0, 0, 0]","[0, 0, 0, 0, 0, 0, 1, 0, 0]","[0, 0, 0, 0, 0, 0, 0, 1, 0]","[0, 0, 0, 0, 0, 0, 0, 0, 1]",,,,,,,,,,0,0
2025-07-02T22:39:22.834897,4,1,4,1,4,1,4,1,4,1,4,1,3,2,3,2,4,1,"[1, 0, 0, 0, 0, 0, 0, 0, 0]","[0, 1, 0, 0, 0, 0, 0, 0, 0]","[0, 0, 1, 0, 0, 0, 0, 0, 0]","[0, 0, 0, 1, 0, 0, 0, 0, 0]","[0, 0, 0, 0, 1, 0, 0, 0, 0]","[0, 0, 0, 0, 0, 1, 0, 0, 0]","[0, 0, 0, 0, 0, 0, 1, 0, 0]","[0, 0, 0, 0, 0, 0, 0, 1, 0]","[0, 0, 0, 0, 0, 0, 0, 0, 1]",,,,,,,,,,0,0
2025-07-02T22:39:53.148689,2,3,2,3,2,3,2,3,2,3,2,3,1,4,2,3,2,3,"[1, 0, 0, 0, 0, 0, 0, 0, 0]","[0, 1, 0, 0, 0, 0, 0, 0, 0]","[0, 0, 1, 0, 0, 0, 0, 0, 0]","[0, 0, 0, 1, 0, 0, 0, 0, 0]","[0, 0, 0, 0, 1, 0, 0, 0, 0]","[0, 0, 0, 0, 0, 1, 0, 0, 0]","[0, 0, 0, 0, 0, 0, 1, 0, 0]","[0, 0, 0, 0, 0, 0, 0, 1, 0]","[0, 0, 0, 0, 0, 0, 0, 0, 1]",,,,,,,,,,0,0
2025-07-02T22:40:23.416959,3,2,2,3,3,2,3,2,3,2,3,2,2,3,3,2,3,2,"[1, 0, 0, 0, 0, 0, 0, 0, 0]","[0, 1, 0, 0, 0, 0, 0, 0, 0]","[0, 0, 1, 0, 0, 0, 0, 0, 0]","[0, 0, 0, 1, 0, 0, 0, 0, 0]","[0, 0, 0, 0, 1, 0, 0, 0, 0]","[0, 0, 0, 0, 0, 1, 0, 0, 0]","[0, 0, 0, 0, 0, 0, 1, 0, 0]","[0, 0, 0, 0, 0, 0, 0, 1, 0]","[0, 0, 0, 0, 0, 0, 0, 0, 1]",,,,,,,,,,0,0
2025-07-02T22:40:53.724404,3,2,2,3,3,2,3,2,3,2,3,2,2,3,3,2,3,2,"[1, 0, 0, 0, 0, 0, 0, 0, 0]","[0, 1, 0, 0, 0, 0, 0, 0, 0]","[0, 0, 1, 0, 0, 0, 0, 0, 0]","[0, 0, 0, 1, 0, 0, 0, 0, 0]","[0, 0, 0, 0, 1, 0, 0, 0, 0]","[0, 0, 0, 0, 0, 1, 0, 0, 0]","[0, 0, 0, 0, 0, 0, 1, 0, 0]","[0, 0, 0, 0, 0, 0, 0, 1, 0]","[0, 0, 0, 0, 0, 0, 0, 0, 1]",,,,,,,,,,0,0
2025-07-02T22:41:23.993091,3,2,2,3,3,2,3,2,3,2,3,2,2,3,3,2,3,2,"[1, 0, 0, 0, 0, 0, 0, 0, 0]","[0, 1, 0, 0, 0, 0, 0, 0, 0]","[0, 0, 1, 0, 0, 0, 0, 0, 0]","[0, 0, 0, 1, 0, 0, 0, 0, 0]","[0, 0, 0, 0, 1, 0, 0, 0, 0]","[0, 0, 0, 0, 0, 1, 0, 0, 0]","[0, 0, 0, 0, 0, 0, 1, 0, 0]","[0, 0, 0, 0, 0, 0, 0, 1, 0]","[0, 0, 0, 0, 0, 0, 0, 0, 1]",,,,,,,,,,0,0
2025-07-02T22:41:54.266124,2,3,1,4,2,3,2,3,2,3,2,3,1,4,2,3,2,3,"[1, 0, 0, 0, 0, 0, 0, 0, 0]","[0, 1, 0, 0, 0, 0, 0, 0, 0]","[0, 0, 1, 0, 0, 0, 0, 0, 0]","[0, 0, 0, 1, 0, 0, 0, 0, 0]","[0, 0, 0, 0, 1, 0, 0, 0, 0]","[0, 0, 0, 0, 0, 1, 0, 0, 0]","[0, 0, 0, 0, 0, 0, 1, 0, 0]","[0, 0, 0, 0, 0, 0, 0, 1, 0]","[0, 0, 0, 0, 0, 0, 0, 0, 1]",,,,,,,,,,0,0
2025-07-02T22:42:24.443837,2,3,1,4,2,3,2,3,2,3,2,3,1,4,2,3,2,3,"[1, 0, 0, 0, 0, 0, 0, 0, 0]","[0, 1, 0, 0, 0, 0, 0, 0, 0]","[0, 0, 1, 0, 0, 0, 0, 0, 0]","[0, 0, 0, 1, 0, 0, 0, 0, 0]","[0, 0, 0, 0, 1, 0, 0, 0, 0]","[0, 0, 0, 0, 0, 1, 0, 0, 0]","[0, 0, 0, 0, 0, 0, 1, 0, 0]","[0, 0, 0, 0, 0, 0, 0, 1, 0]","[0, 0, 0, 0, 0, 0, 0, 0, 1]",,,,,,,,,,0,0
2025-07-02T22:42:54.711323,3,2,2,3,3,2,3,2,3,2,3,2,2,3,3,2,3,2,"[1, 0, 0, 0, 0, 0, 0, 0, 0]","[0, 1, 0, 0, 0, 0, 0, 0, 0]","[0, 0, 1, 0, 0, 0, 0, 0, 0]","[0, 0, 0, 1, 0, 0, 0, 0, 0]","[0, 0, 0, 0, 1, 0, 0, 0, 0]","[0, 0, 0, 0, 0, 1, 0, 0, 0]","[0, 0, 0, 0, 0, 0, 1, 0, 0]","[0, 0, 0, 0, 0, 0, 0, 1, 0]","[0, 0, 0, 0, 0, 0, 0, 0, 1]",,,,,,,,,,0,0
2025-07-02T22:43:24.979712,3,2,2,3,3,2,3,2,3,2,3,2,2,3,3,2,3,2,"[1, 0, 0, 0, 0, 0, 0, 0, 0]","[0, 1, 0, 0, 0, 0, 0, 0, 0]","[0, 0, 1, 0, 0, 0, 0, 0, 0]","[0, 0, 0, 1, 0, 0, 0, 0, 0]","[0, 0, 0, 0, 1, 0, 0, 0, 0]","[0, 0, 0, 0, 0, 1, 0, 0, 0]","[0, 0, 0, 0, 0, 0, 1, 0, 0]","[0, 0, 0, 0, 0, 0, 0, 1, 0]","[0, 0, 0, 0, 0, 0, 0, 0, 1]",,,,,,,,,,0,0
2025-07-02T22:43:55.297268,3,2,2,3,3,2,3,2,3,2,3,2,2,3,3,2,3,2,"[1, 0, 0, 0, 0, 0, 0, 0, 0]","[0, 1, 0, 0, 0, 0, 0, 0, 0]","[0, 0, 1, 0, 0, 0, 0, 0, 0]","[0, 0, 0, 1, 0, 0, 0, 0, 0]","[0, 0, 0, 0, 1, 0, 0, 0, 0]","[0, 0, 0, 0, 0, 1, 0, 0, 0]","[0, 0, 0, 0, 0, 0, 1, 0, 0]","[0, 0, 0, 0, 0, 0, 0, 1, 0]","[0, 0, 0, 0, 0, 0, 0, 0, 1]",,,,,,,,,,0,0
2025-07-02T22:44:25.700159,3,2,2,3,3,2,3,2,3,2,3,2,2,3,3,2,3,2,"[1, 0, 0, 0, 0, 0, 0, 0, 0]","[0, 1, 0, 0, 0, 0, 0, 0, 0]","[0, 0, 1, 0, 0, 0, 0, 0, 0]","[0, 0, 0, 1, 0, 0, 0, 0, 0]","[0, 0, 0, 0, 1, 0, 0, 0, 0]","[0, 0, 0, 0, 0, 1, 0, 0, 0]","[0, 0, 0, 0, 0, 0, 1, 0, 0]","[0, 0, 0, 0, 0, 0, 0, 1, 0]","[0, 0, 0, 0, 0, 0, 0, 0, 1]",,,,,,,,,,0,0
2025-07-02T22:44:55.977665,3,2,2,3,3,2,3,2,3,2,3,2,2,3,3,2,3,2,"[1, 0, 0, 0, 0, 0, 0, 0, 0]","[0, 1, 0, 0, 0, 0, 0, 0, 0]","[0, 0, 1, 0, 0, 0, 0, 0, 0]","[0, 0, 0, 1, 0, 0, 0, 0, 0]","[0, 0, 0, 0, 1, 0, 0, 0, 0]","[0, 0, 0, 0, 0, 1, 0, 0, 0]","[0, 0, 0, 0, 0, 0, 1, 0, 0]","[0, 0, 0, 0, 0, 0, 0, 1, 0]","[0, 0, 0, 0, 0, 0, 0, 0, 1]",,,,,,,,,,0,0
2025-07-02T22:45:26.305948,3,2,2,3,3,2,3,2,3,2,3,2,2,3,3,2,3,2,"[1, 0, 0, 0, 0, 0, 0, 0, 0]","[0, 1, 0, 0, 0, 0, 0, 0, 0]","[0, 0, 1, 0, 0, 0, 0, 0, 0]","[0, 0, 0, 1, 0, 0, 0, 0, 0]","[0, 0, 0, 0, 1, 0, 0, 0, 0]","[0, 0, 0, 0, 0, 1, 0, 0, 0]","[0, 0, 0, 0, 0, 0, 1, 0, 0]","[0, 0, 0, 0, 0, 0, 0, 1, 0]","[0, 0, 0, 0, 0, 0, 0, 0, 1]",,,,,,,,,,0,0
2025-07-02T22:45:56.523387,2,3,1,4,2,3,2,3,2,3,2,3,1,4,2,3,2,3,"[1, 0, 0, 0, 0, 0, 0, 0, 0]","[0, 1, 0, 0, 0, 0, 0, 0, 0]","[0, 0, 1, 0, 0, 0, 0, 0, 0]","[0, 0, 0, 1, 0, 0, 0, 0, 0]","[0, 0, 0, 0, 1, 0, 0, 0, 0]","[0, 0, 0, 0, 0, 1, 0, 0, 0]","[0, 0, 0, 0, 0, 0, 1, 0, 0]","[0, 0, 0, 0, 0, 0, 0, 1, 0]","[0, 0, 0, 0, 0, 0, 0, 0, 1]",,,,,,,,,,0,0
2025-07-02T22:46:26.775822,3,2,2,3,2,3,2,3,2,3,2,3,1,4,2,3,2,3,"[1, 0, 0, 0, 0, 0, 0, 0, 0]","[0, 1, 0, 0, 0, 0, 0, 0, 0]","[0, 0, 1, 0, 0, 0, 0, 0, 0]","[0, 0, 0, 1, 0, 0, 0, 0, 0]","[0, 0, 0, 0, 1, 0, 0, 0, 0]","[0, 0, 0, 0, 0, 1, 0, 0, 0]","[0, 0, 0, 0, 0, 0, 1, 0, 0]","[0, 0, 0, 0, 0, 0, 0, 1, 0]","[0, 0, 0, 0, 0, 0, 0, 0, 1]",,,,,,,,,,0,0
2025-07-02T22:46:56.910188,2,3,1,4,0,5,0,5,0,5,0,5,0,5,0,5,0,5,"[1, 0, 0, 0, 0, 0, 0, 0, 0]","[0, 1, 0, 0, 0, 0, 0, 0, 0]","[0, 0, 1, 0, 0, 0, 0, 0, 0]","[0, 0, 0, 1, 0, 0, 0, 0, 0]","[0, 0, 0, 0, 1, 0, 0, 0, 0]","[0, 0, 0, 0, 0, 1, 0, 0, 0]","[0, 0, 0, 0, 0, 0, 1, 0, 0]","[0, 0, 0, 0, 0, 0, 0, 1, 0]","[0, 0, 0, 0, 0, 0, 0, 0, 1]",,,,,,,,,,0,0
2025-07-02T22:47:14.362396,3,2,2,3,1,4,1,4,1,4,1,4,1,4,1,4,1,4,"[1, 0, 0, 0, 0, 0, 0, 0, 0]","[0, 1, 0, 0, 0, 0, 0, 0, 0]","[0, 0, 1, 0, 0, 0, 0, 0, 0]","[0, 0, 0, 1, 0, 0, 0, 0, 0]","[0, 0, 0, 0, 1, 0, 0, 0, 0]","[0, 0, 0, 0, 0, 1, 0, 0, 0]","[0, 0, 0, 0, 0, 0, 1, 0, 0]","[0, 0, 0, 0, 0, 0, 0, 1, 0]","[0, 0, 0, 0, 0, 0, 0, 0, 1]",0.5904761904761905,0.4476190476190476,0.5428571428571429,0.5428571428571429,0.5428571428571429,0.5428571428571429,0.3714285714285714,0.5333333333333333,0.5428571428571429,1,0
2025-07-02T22:47:27.242708,5,0,5,0,5,0,5,0,5,0,5,0,5,0,5,0,5,0,"[1, 0, 0, 0, 0, 0, 0, 0, 0]","[0, 1, 0, 0, 0, 0, 0, 0, 0]","[0, 0, 1, 0, 0, 0, 0, 0, 0]","[0, 0, 0, 1, 0, 0, 0, 0, 0]","[0, 0, 0, 0, 1, 0, 0, 0, 0]","[0, 0, 0, 0, 0, 1, 0, 0, 0]","[0, 0, 0, 0, 0, 0, 1, 0, 0]","[0, 0, 0, 0, 0, 0, 0, 1, 0]","[0, 0, 0, 0, 0, 0, 0, 0, 1]",,,,,,,,,,0,0
2025-07-02T22:47:57.742813,5,0,5,0,5,0,5,0,5,0,5,0,5,0,5,0,5,0,"[1, 0, 0, 0, 0, 0, 0, 0, 0]","[0, 1, 0, 0, 0, 0, 0, 0, 0]","[0, 0, 1, 0, 0, 0, 0, 0, 0]","[0, 0, 0, 1, 0, 0, 0, 0, 0]","[0, 0, 0, 0, 1, 0, 0, 0, 0]","[0, 0, 0, 0, 0, 1, 0, 0, 0]","[0, 0, 0, 0, 0, 0, 1, 0, 0]","[0, 0, 0, 0, 0, 0, 0, 1, 0]","[0, 0, 0, 0, 0, 0, 0, 0, 1]",,,,,,,,,,0,0
2025-07-02T22:48:28.296986,5,0,5,0,5,0,5,0,5,0,5,0,5,0,5,0,5,0,"[1, 0, 0, 0, 0, 0, 0, 0, 0]","[0, 1, 0, 0, 0, 0, 0, 0, 0]","[0, 0, 1, 0, 0, 0, 0, 0, 0]","[0, 0, 0, 1, 0, 0, 0, 0, 0]","[0, 0, 0, 0, 1, 0, 0, 0, 0]","[0, 0, 0, 0, 0, 1, 0, 0, 0]","[0, 0, 0, 0, 0, 0, 1, 0, 0]","[0, 0, 0, 0, 0, 0, 0, 1, 0]","[0, 0, 0, 0, 0, 0, 0, 0, 1]",,,,,,,,,,0,0
2025-07-02T22:48:58.909680,5,0,5,0,5,0,5,0,5,0,5,0,5,0,5,0,5,0,"[1, 0, 0, 0, 0, 0, 0, 0, 0]","[0, 1, 0, 0, 0, 0, 0, 0, 0]","[0, 0, 1, 0, 0, 0, 0, 0, 0]","[0, 0, 0, 1, 0, 0, 0, 0, 0]","[0, 0, 0, 0, 1, 0, 0, 0, 0]","[0, 0, 0, 0, 0, 1, 0, 0, 0]","[0, 0, 0, 0, 0, 0, 1, 0, 0]","[0, 0, 0, 0, 0, 0, 0, 1, 0]","[0, 0, 0, 0, 0, 0, 0, 0, 1]",,,,,,,,,,0,0
2025-07-02T22:49:29.412425,5,0,5,0,5,0,5,0,5,0,5,0,5,0,5,0,5,0,"[1, 0, 0, 0, 0, 0, 0, 0, 0]","[0, 1, 0, 0, 0, 0, 0, 0, 0]","[0, 0, 1, 0, 0, 0, 0, 0, 0]","[0, 0, 0, 1, 0, 0, 0, 0, 0]","[0, 0, 0, 0, 1, 0, 0, 0, 0]","[0, 0, 0, 0, 0, 1, 0, 0, 0]","[0, 0, 0, 0, 0, 0, 1, 0, 0]","[0, 0, 0, 0, 0, 0, 0, 1, 0]","[0, 0, 0, 0, 0, 0, 0, 0, 1]",,,,,,,,,,0,0
2025-07-02T22:49:59.954853,4,1,5,0,4,1,4,1,4,1,4,1,4,1,4,1,4,1,"[1, 0, 0, 0, 0, 0, 0, 0, 0]","[0, 1, 0, 0, 0, 0, 0, 0, 0]","[0, 0, 1, 0, 0, 0, 0, 0, 0]","[0, 0, 0, 1, 0, 0, 0, 0, 0]","[0, 0, 0, 0, 1, 0, 0, 0, 0]","[0, 0, 0, 0, 0, 1, 0, 0, 0]","[0, 0, 0, 0, 0, 0, 1, 0, 0]","[0, 0, 0, 0, 0, 0, 0, 1, 0]","[0, 0, 0, 0, 0, 0, 0, 0, 1]",,,,,,,,,,0,0
2025-07-02T22:50:30.519473,5,0,5,0,5,0,5,0,5,0,5,0,5,0,5,0,5,0,"[1, 0, 0, 0, 0, 0, 0, 0, 0]","[0, 1, 0, 0, 0, 0, 0, 0, 0]","[0, 0, 1, 0, 0, 0, 0, 0, 0]","[0, 0, 0, 1, 0, 0, 0, 0, 0]","[0, 0, 0, 0, 1, 0, 0, 0, 0]","[0, 0, 0, 0, 0, 1, 0, 0, 0]","[0, 0, 0, 0, 0, 0, 1, 0, 0]","[0, 0, 0, 0, 0, 0, 0, 1, 0]","[0, 0, 0, 0, 0, 0, 0, 0, 1]",,,,,,,,,,0,0
2025-07-02T22:51:01.007668,5,0,5,0,5,0,5,0,5,0,5,0,5,0,5,0,5,0,"[1, 0, 0, 0, 0, 0, 0, 0, 0]","[0, 1, 0, 0, 0, 0, 0, 0, 0]","[0, 0, 1, 0, 0, 0, 0, 0, 0]","[0, 0, 0, 1, 0, 0, 0, 0, 0]","[0, 0, 0, 0, 1, 0, 0, 0, 0]","[0, 0, 0, 0, 0, 1, 0, 0, 0]","[0, 0, 0, 0, 0, 0, 1, 0, 0]","[0, 0, 0, 0, 0, 0, 0, 1, 0]","[0, 0, 0, 0, 0, 0, 0, 0, 1]",,,,,,,,,,0,0
2025-07-02T22:51:31.473069,4,1,4,1,4,1,4,1,4,1,4,1,4,1,4,1,4,1,"[1, 0, 0, 0, 0, 0, 0, 0, 0]","[0, 1, 0, 0, 0, 0, 0, 0, 0]","[0, 0, 1, 0, 0, 0, 0, 0, 0]","[0, 0, 0, 1, 0, 0, 0, 0, 0]","[0, 0, 0, 0, 1, 0, 0, 0, 0]","[0, 0, 0, 0, 0, 1, 0, 0, 0]","[0, 0, 0, 0, 0, 0, 1, 0, 0]","[0, 0, 0, 0, 0, 0, 0, 1, 0]","[0, 0, 0, 0, 0, 0, 0, 0, 1]",,,,,,,,,,0,0
2025-07-02T22:52:01.894307,4,1,4,1,4,1,4,1,4,1,4,1,4,1,4,1,4,1,"[1, 0, 0, 0, 0, 0, 0, 0, 0]","[0, 1, 0, 0, 0, 0, 0, 0, 0]","[0, 0, 1, 0, 0, 0, 0, 0, 0]","[0, 0, 0, 1, 0, 0, 0, 0, 0]","[0, 0, 0, 0, 1, 0, 0, 0, 0]","[0, 0, 0, 0, 0, 1, 0, 0, 0]","[0, 0, 0, 0, 0, 0, 1, 0, 0]","[0, 0, 0, 0, 0, 0, 0, 1, 0]","[0, 0, 0, 0, 0, 0, 0, 0, 1]",,,,,,,,,,0,0
2025-07-02T22:52:32.334944,5,0,5,0,5,0,5,0,5,0,5,0,5,0,5,0,5,0,"[1, 0, 0, 0, 0, 0, 0, 0, 0]","[0, 1, 0, 0, 0, 0, 0, 0, 0]","[0, 0, 1, 0, 0, 0, 0, 0, 0]","[0, 0, 0, 1, 0, 0, 0, 0, 0]","[0, 0, 0, 0, 1, 0, 0, 0, 0]","[0, 0, 0, 0, 0, 1, 0, 0, 0]","[0, 0, 0, 0, 0, 0, 1, 0, 0]","[0, 0, 0, 0, 0, 0, 0, 1, 0]","[0, 0, 0, 0, 0, 0, 0, 0, 1]",,,,,,,,,,0,0
2025-07-02T22:53:02.741131,3,2,3,2,3,2,3,2,3,2,3,2,3,2,3,2,3,2,"[1, 0, 0, 0, 0, 0, 0, 0, 0]","[0, 1, 0, 0, 0, 0, 0, 0, 0]","[0, 0, 1, 0, 0, 0, 0, 0, 0]","[0, 0, 0, 1, 0, 0, 0, 0, 0]","[0, 0, 0, 0, 1, 0, 0, 0, 0]","[0, 0, 0, 0, 0, 1, 0, 0, 0]","[0, 0, 0, 0, 0, 0, 1, 0, 0]","[0, 0, 0, 0, 0, 0, 0, 1, 0]","[0, 0, 0, 0, 0, 0, 0, 0, 1]",,,,,,,,,,0,0
2025-07-02T22:53:33.038265,3,2,3,2,3,2,3,2,3,2,3,2,3,2,3,2,3,2,"[1, 0, 0, 0, 0, 0, 0, 0, 0]","[0, 1, 0, 0, 0, 0, 0, 0, 0]","[0, 0, 1, 0, 0, 0, 0, 0, 0]","[0, 0, 0, 1, 0, 0, 0, 0, 0]","[0, 0, 0, 0, 1, 0, 0, 0, 0]","[0, 0, 0, 0, 0, 1, 0, 0, 0]","[0, 0, 0, 0, 0, 0, 1, 0, 0]","[0, 0, 0, 0, 0, 0, 0, 1, 0]","[0, 0, 0, 0, 0, 0, 0, 0, 1]",,,,,,,,,,0,0
2025-07-02T22:54:03.334455,2,3,2,3,2,3,2,3,2,3,2,3,2,3,2,3,2,3,"[1, 0, 0, 0, 0, 0, 0, 0, 0]","[0, 1, 0, 0, 0, 0, 0, 0, 0]","[0, 0, 1, 0, 0, 0, 0, 0, 0]","[0, 0, 0, 1, 0, 0, 0, 0, 0]","[0, 0, 0, 0, 1, 0, 0, 0, 0]","[0, 0, 0, 0, 0, 1, 0, 0, 0]","[0, 0, 0, 0, 0, 0, 1, 0, 0]","[0, 0, 0, 0, 0, 0, 0, 1, 0]","[0, 0, 0, 0, 0, 0, 0, 0, 1]",,,,,,,,,,0,0
2025-07-02T22:54:33.617897,3,2,3,2,3,2,3,2,3,2,3,2,3,2,3,2,3,2,"[1, 0, 0, 0, 0, 0, 0, 0, 0]","[0, 1, 0, 0, 0, 0, 0, 0, 0]","[0, 0, 1, 0, 0, 0, 0, 0, 0]","[0, 0, 0, 1, 0, 0, 0, 0, 0]","[0, 0, 0, 0, 1, 0, 0, 0, 0]","[0, 0, 0, 0, 0, 1, 0, 0, 0]","[0, 0, 0, 0, 0, 0, 1, 0, 0]","[0, 0, 0, 0, 0, 0, 0, 1, 0]","[0, 0, 0, 0, 0, 0, 0, 0, 1]",,,,,,,,,,0,0
2025-07-02T22:55:03.898671,3,2,3,2,3,2,3,2,3,2,3,2,3,2,3,2,3,2,"[1, 0, 0, 0, 0, 0, 0, 0, 0]","[0, 1, 0, 0, 0, 0, 0, 0, 0]","[0, 0, 1, 0, 0, 0, 0, 0, 0]","[0, 0, 0, 1, 0, 0, 0, 0, 0]","[0, 0, 0, 0, 1, 0, 0, 0, 0]","[0, 0, 0, 0, 0, 1, 0, 0, 0]","[0, 0, 0, 0, 0, 0, 1, 0, 0]","[0, 0, 0, 0, 0, 0, 0, 1, 0]","[0, 0, 0, 0, 0, 0, 0, 0, 1]",,,,,,,,,,0,0
2025-07-02T22:55:34.191743,2,3,2,3,2,3,2,3,2,3,2,3,2,3,2,3,2,3,"[1, 0, 0, 0, 0, 0, 0, 0, 0]","[0, 1, 0, 0, 0, 0, 0, 0, 0]","[0, 0, 1, 0, 0, 0, 0, 0, 0]","[0, 0, 0, 1, 0, 0, 0, 0, 0]","[0, 0, 0, 0, 1, 0, 0, 0, 0]","[0, 0, 0, 0, 0, 1, 0, 0, 0]","[0, 0, 0, 0, 0, 0, 1, 0, 0]","[0, 0, 0, 0, 0, 0, 0, 1, 0]","[0, 0, 0, 0, 0, 0, 0, 0, 1]",,,,,,,,,,0,0
2025-07-02T22:56:04.404864,2,3,2,3,2,3,2,3,2,3,2,3,2,3,2,3,2,3,"[1, 0, 0, 0, 0, 0, 0, 0, 0]","[0, 1, 0, 0, 0, 0, 0, 0, 0]","[0, 0, 1, 0, 0, 0, 0, 0, 0]","[0, 0, 0, 1, 0, 0, 0, 0, 0]","[0, 0, 0, 0, 1, 0, 0, 0, 0]","[0, 0, 0, 0, 0, 1, 0, 0, 0]","[0, 0, 0, 0, 0, 0, 1, 0, 0]","[0, 0, 0, 0, 0, 0, 0, 1, 0]","[0, 0, 0, 0, 0, 0, 0, 0, 1]",,,,,,,,,,0,0
2025-07-02T22:56:34.650471,2,3,2,3,2,3,2,3,2,3,2,3,2,3,2,3,2,3,"[1, 0, 0, 0, 0, 0, 0, 0, 0]","[0, 1, 0, 0, 0, 0, 0, 0, 0]","[0, 0, 1, 0, 0, 0, 0, 0, 0]","[0, 0, 0, 1, 0, 0, 0, 0, 0]","[0, 0, 0, 0, 1, 0, 0, 0, 0]","[0, 0, 0, 0, 0, 1, 0, 0, 0]","[0, 0, 0, 0, 0, 0, 1, 0, 0]","[0, 0, 0, 0, 0, 0, 0, 1, 0]","[0, 0, 0, 0, 0, 0, 0, 0, 1]",,,,,,,,,,0,0
2025-07-02T22:57:04.853775,2,3,2,3,2,3,2,3,2,3,2,3,2,3,2,3,2,3,"[1, 0, 0, 0, 0, 0, 0, 0, 0]","[0, 1, 0, 0, 0, 0, 0, 0, 0]","[0, 0, 1, 0, 0, 0, 0, 0, 0]","[0, 0, 0, 1, 0, 0, 0, 0, 0]","[0, 0, 0, 0, 1, 0, 0, 0, 0]","[0, 0, 0, 0, 0, 1, 0, 0, 0]","[0, 0, 0, 0, 0, 0, 1, 0, 0]","[0, 0, 0, 0, 0, 0, 0, 1, 0]","[0, 0, 0, 0, 0, 0, 0, 0, 1]",,,,,,,,,,0,0
2025-07-02T22:57:15.005842,2,3,2,3,2,3,2,3,2,3,2,3,2,3,2,3,2,3,"[1, 0, 0, 0, 0, 0, 0, 0, 0]","[0, 1, 0, 0, 0, 0, 0, 0, 0]","[0, 0, 1, 0, 0, 0, 0, 0, 0]","[0, 0, 0, 1, 0, 0, 0, 0, 0]","[0, 0, 0, 0, 1, 0, 0, 0, 0]","[0, 0, 0, 0, 0, 1, 0, 0, 0]","[0, 0, 0, 0, 0, 0, 1, 0, 0]","[0, 0, 0, 0, 0, 0, 0, 1, 0]","[0, 0, 0, 0, 0, 0, 0, 0, 1]",0.7238095238095238,0.7333333333333333,0.7238095238095238,0.7238095238095238,0.7238095238095238,0.7238095238095238,0.7238095238095238,0.7238095238095238,0.7238095238095238,1,0
2025-07-02T22:57:35.216146,5,0,5,0,5,0,5,0,5,0,5,0,5,0,5,0,5,0,"[1, 0, 0, 0, 0, 0, 0, 0, 0]","[0, 1, 0, 0, 0, 0, 0, 0, 0]","[0, 0, 1, 0, 0, 0, 0, 0, 0]","[0, 0, 0, 1, 0, 0, 0, 0, 0]","[0, 0, 0, 0, 1, 0, 0, 0, 0]","[0, 0, 0, 0, 0, 1, 0, 0, 0]","[0, 0, 0, 0, 0, 0, 1, 0, 0]","[0, 0, 0, 0, 0, 0, 0, 1, 0]","[0, 0, 0, 0, 0, 0, 0, 0, 1]",,,,,,,,,,0,0
2025-07-02T22:58:05.710440,5,0,5,0,5,0,5,0,5,0,5,0,4,1,5,0,5,0,"[1, 0, 0, 0, 0, 0, 0, 0, 0]","[0, 1, 0, 0, 0, 0, 0, 0, 0]","[0, 0, 1, 0, 0, 0, 0, 0, 0]","[0, 0, 0, 1, 0, 0, 0, 0, 0]","[0, 0, 0, 0, 1, 0, 0, 0, 0]","[0, 0, 0, 0, 0, 1, 0, 0, 0]","[0, 0, 0, 0, 0, 0, 1, 0, 0]","[0, 0, 0, 0, 0, 0, 0, 1, 0]","[0, 0, 0, 0, 0, 0, 0, 0, 1]",,,,,,,,,,0,0
2025-07-02T22:58:36.195664,5,0,5,0,5,0,5,0,5,0,5,0,4,1,5,0,5,0,"[1, 0, 0, 0, 0, 0, 0, 0, 0]","[0, 1, 0, 0, 0, 0, 0, 0, 0]","[0, 0, 1, 0, 0, 0, 0, 0, 0]","[0, 0, 0, 1, 0, 0, 0, 0, 0]","[0, 0, 0, 0, 1, 0, 0, 0, 0]","[0, 0, 0, 0, 0, 1, 0, 0, 0]","[0, 0, 0, 0, 0, 0, 1, 0, 0]","[0, 0, 0, 0, 0, 0, 0, 1, 0]","[0, 0, 0, 0, 0, 0, 0, 0, 1]",,,,,,,,,,0,0
2025-07-02T22:59:06.683893,5,0,5,0,5,0,5,0,5,0,5,0,5,0,5,0,5,0,"[1, 0, 0, 0, 0, 0, 0, 0, 0]","[0, 1, 0, 0, 0, 0, 0, 0, 0]","[0, 0, 1, 0, 0, 0, 0, 0, 0]","[0, 0, 0, 1, 0, 0, 0, 0, 0]","[0, 0, 0, 0, 1, 0, 0, 0, 0]","[0, 0, 0, 0, 0, 1, 0, 0, 0]","[0, 0, 0, 0, 0, 0, 1, 0, 0]","[0, 0, 0, 0, 0, 0, 0, 1, 0]","[0, 0, 0, 0, 0, 0, 0, 0, 1]",,,,,,,,,,0,0
2025-07-02T22:59:37.161334,5,0,5,0,5,0,5,0,5,0,5,0,5,0,5,0,5,0,"[1, 0, 0, 0, 0, 0, 0, 0, 0]","[0, 1, 0, 0, 0, 0, 0, 0, 0]","[0, 0, 1, 0, 0, 0, 0, 0, 0]","[0, 0, 0, 1, 0, 0, 0, 0, 0]","[0, 0, 0, 0, 1, 0, 0, 0, 0]","[0, 0, 0, 0, 0, 1, 0, 0, 0]","[0, 0, 0, 0, 0, 0, 1, 0, 0]","[0, 0, 0, 0, 0, 0, 0, 1, 0]","[0, 0, 0, 0, 0, 0, 0, 0, 1]",,,,,,,,,,0,0
2025-07-02T23:00:07.615615,4,1,4,1,4,1,4,1,4,1,4,1,4,1,4,1,4,1,"[1, 0, 0, 0, 0, 0, 0, 0, 0]","[0, 1, 0, 0, 0, 0, 0, 0, 0]","[0, 0, 1, 0, 0, 0, 0, 0, 0]","[0, 0, 0, 1, 0, 0, 0, 0, 0]","[0, 0, 0, 0, 1, 0, 0, 0, 0]","[0, 0, 0, 0, 0, 1, 0, 0, 0]","[0, 0, 0, 0, 0, 0, 1, 0, 0]","[0, 0, 0, 0, 0, 0, 0, 1, 0]","[0, 0, 0, 0, 0, 0, 0, 0, 1]",,,,,,,,,,0,0
2025-07-02T23:00:38.040469,5,0,5,0,5,0,5,0,5,0,5,0,5,0,5,0,5,0,"[1, 0, 0, 0, 0, 0, 0, 0, 0]","[0, 1, 0, 0, 0, 0, 0, 0, 0]","[0, 0, 1, 0, 0, 0, 0, 0, 0]","[0, 0, 0, 1, 0, 0, 0, 0, 0]","[0, 0, 0, 0, 1, 0, 0, 0, 0]","[0, 0, 0, 0, 0, 1, 0, 0, 0]","[0, 0, 0, 0, 0, 0, 1, 0, 0]","[0, 0, 0, 0, 0, 0, 0, 1, 0]","[0, 0, 0, 0, 0, 0, 0, 0, 1]",,,,,,,,,,0,0
2025-07-02T23:01:08.501997,4,1,4,1,4,1,4,1,4,1,4,1,4,1,4,1,4,1,"[1, 0, 0, 0, 0, 0, 0, 0, 0]","[0, 1, 0, 0, 0, 0, 0, 0, 0]","[0, 0, 1, 0, 0, 0, 0, 0, 0]","[0, 0, 0, 1, 0, 0, 0, 0, 0]","[0, 0, 0, 0, 1, 0, 0, 0, 0]","[0, 0, 0, 0, 0, 1, 0, 0, 0]","[0, 0, 0, 0, 0, 0, 1, 0, 0]","[0, 0, 0, 0, 0, 0, 0, 1, 0]","[0, 0, 0, 0, 0, 0, 0, 0, 1]",,,,,,,,,,0,0
2025-07-02T23:01:38.939759,5,0,5,0,5,0,5,0,5,0,5,0,5,0,5,0,5,0,"[1, 0, 0, 0, 0, 0, 0, 0, 0]","[0, 1, 0, 0, 0, 0, 0, 0, 0]","[0, 0, 1, 0, 0, 0, 0, 0, 0]","[0, 0, 0, 1, 0, 0, 0, 0, 0]","[0, 0, 0, 0, 1, 0, 0, 0, 0]","[0, 0, 0, 0, 0, 1, 0, 0, 0]","[0, 0, 0, 0, 0, 0, 1, 0, 0]","[0, 0, 0, 0, 0, 0, 0, 1, 0]","[0, 0, 0, 0, 0, 0, 0, 0, 1]",,,,,,,,,,0,0
2025-07-02T23:02:09.450175,5,0,5,0,5,0,5,0,5,0,5,0,5,0,5,0,5,0,"[1, 0, 0, 0, 0, 0, 0, 0, 0]","[0, 1, 0, 0, 0, 0, 0, 0, 0]","[0, 0, 1, 0, 0, 0, 0, 0, 0]","[0, 0, 0, 1, 0, 0, 0, 0, 0]","[0, 0, 0, 0, 1, 0, 0, 0, 0]","[0, 0, 0, 0, 0, 1, 0, 0, 0]","[0, 0, 0, 0, 0, 0, 1, 0, 0]","[0, 0, 0, 0, 0, 0, 0, 1, 0]","[0, 0, 0, 0, 0, 0, 0, 0, 1]",,,,,,,,,,0,0
2025-07-02T23:02:39.949742,5,0,5,0,5,0,5,0,5,0,5,0,5,0,5,0,5,0,"[1, 0, 0, 0, 0, 0, 0, 0, 0]","[0, 1, 0, 0, 0, 0, 0, 0, 0]","[0, 0, 1, 0, 0, 0, 0, 0, 0]","[0, 0, 0, 1, 0, 0, 0, 0, 0]","[0, 0, 0, 0, 1, 0, 0, 0, 0]","[0, 0, 0, 0, 0, 1, 0, 0, 0]","[0, 0, 0, 0, 0, 0, 1, 0, 0]","[0, 0, 0, 0, 0, 0, 0, 1, 0]","[0, 0, 0, 0, 0, 0, 0, 0, 1]",,,,,,,,,,0,0
2025-07-02T23:03:10.444497,5,0,5,0,5,0,5,0,5,0,5,0,5,0,5,0,5,0,"[1, 0, 0, 0, 0, 0, 0, 0, 0]","[0, 1, 0, 0, 0, 0, 0, 0, 0]","[0, 0, 1, 0, 0, 0, 0, 0, 0]","[0, 0, 0, 1, 0, 0, 0, 0, 0]","[0, 0, 0, 0, 1, 0, 0, 0, 0]","[0, 0, 0, 0, 0, 1, 0, 0, 0]","[0, 0, 0, 0, 0, 0, 1, 0, 0]","[0, 0, 0, 0, 0, 0, 0, 1, 0]","[0, 0, 0, 0, 0, 0, 0, 0, 1]",,,,,,,,,,0,0
2025-07-02T23:03:40.865324,3,2,3,2,3,2,3,2,3,2,3,2,3,2,3,2,3,2,"[1, 0, 0, 0, 0, 0, 0, 0, 0]","[0, 1, 0, 0, 0, 0, 0, 0, 0]","[0, 0, 1, 0, 0, 0, 0, 0, 0]","[0, 0, 0, 1, 0, 0, 0, 0, 0]","[0, 0, 0, 0, 1, 0, 0, 0, 0]","[0, 0, 0, 0, 0, 1, 0, 0, 0]","[0, 0, 0, 0, 0, 0, 1, 0, 0]","[0, 0, 0, 0, 0, 0, 0, 1, 0]","[0, 0, 0, 0, 0, 0, 0, 0, 1]",,,,,,,,,,0,0
2025-07-02T23:04:11.240280,4,1,4,1,4,1,4,1,4,1,4,1,4,1,4,1,4,1,"[1, 0, 0, 0, 0, 0, 0, 0, 0]","[0, 1, 0, 0, 0, 0, 0, 0, 0]","[0, 0, 1, 0, 0, 0, 0, 0, 0]","[0, 0, 0, 1, 0, 0, 0, 0, 0]","[0, 0, 0, 0, 1, 0, 0, 0, 0]","[0, 0, 0, 0, 0, 1, 0, 0, 0]","[0, 0, 0, 0, 0, 0, 1, 0, 0]","[0, 0, 0, 0, 0, 0, 0, 1, 0]","[0, 0, 0, 0, 0, 0, 0, 0, 1]",,,,,,,,,,0,0
2025-07-02T23:04:41.703295,4,1,4,1,4,1,4,1,4,1,4,1,4,1,4,1,4,1,"[1, 0, 0, 0, 0, 0, 0, 0, 0]","[0, 1, 0, 0, 0, 0, 0, 0, 0]","[0, 0, 1, 0, 0, 0, 0, 0, 0]","[0, 0, 0, 1, 0, 0, 0, 0, 0]","[0, 0, 0, 0, 1, 0, 0, 0, 0]","[0, 0, 0, 0, 0, 1, 0, 0, 0]","[0, 0, 0, 0, 0, 0, 1, 0, 0]","[0, 0, 0, 0, 0, 0, 0, 1, 0]","[0, 0, 0, 0, 0, 0, 0, 0, 1]",,,,,,,,,,0,0
2025-07-02T23:05:12.117833,4,1,4,1,4,1,4,1,4,1,4,1,4,1,4,1,4,1,"[1, 0, 0, 0, 0, 0, 0, 0, 0]","[0, 1, 0, 0, 0, 0, 0, 0, 0]","[0, 0, 1, 0, 0, 0, 0, 0, 0]","[0, 0, 0, 1, 0, 0, 0, 0, 0]","[0, 0, 0, 0, 1, 0, 0, 0, 0]","[0, 0, 0, 0, 0, 1, 0, 0, 0]","[0, 0, 0, 0, 0, 0, 1, 0, 0]","[0, 0, 0, 0, 0, 0, 0, 1, 0]","[0, 0, 0, 0, 0, 0, 0, 0, 1]",,,,,,,,,,0,0
2025-07-02T23:05:42.503602,3,2,3,2,3,2,3,2,3,2,3,2,3,2,3,2,3,2,"[1, 0, 0, 0, 0, 0, 0, 0, 0]","[0, 1, 0, 0, 0, 0, 0, 0, 0]","[0, 0, 1, 0, 0, 0, 0, 0, 0]","[0, 0, 0, 1, 0, 0, 0, 0, 0]","[0, 0, 0, 0, 1, 0, 0, 0, 0]","[0, 0, 0, 0, 0, 1, 0, 0, 0]","[0, 0, 0, 0, 0, 0, 1, 0, 0]","[0, 0, 0, 0, 0, 0, 0, 1, 0]","[0, 0, 0, 0, 0, 0, 0, 0, 1]",,,,,,,,,,0,0
2025-07-02T23:06:12.803017,3,2,3,2,3,2,3,2,3,2,3,2,3,2,3,2,3,2,"[1, 0, 0, 0, 0, 0, 0, 0, 0]","[0, 1, 0, 0, 0, 0, 0, 0, 0]","[0, 0, 1, 0, 0, 0, 0, 0, 0]","[0, 0, 0, 1, 0, 0, 0, 0, 0]","[0, 0, 0, 0, 1, 0, 0, 0, 0]","[0, 0, 0, 0, 0, 1, 0, 0, 0]","[0, 0, 0, 0, 0, 0, 1, 0, 0]","[0, 0, 0, 0, 0, 0, 0, 1, 0]","[0, 0, 0, 0, 0, 0, 0, 0, 1]",,,,,,,,,,0,0
2025-07-02T23:06:43.149267,3,2,3,2,3,2,3,2,3,2,2,3,3,2,3,2,3,2,"[1, 0, 0, 0, 0, 0, 0, 0, 0]","[0, 1, 0, 0, 0, 0, 0, 0, 0]","[0, 0, 1, 0, 0, 0, 0, 0, 0]","[0, 0, 0, 1, 0, 0, 0, 0, 0]","[0, 0, 0, 0, 1, 0, 0, 0, 0]","[0, 0, 0, 0, 0, 1, 0, 0, 0]","[0, 0, 0, 0, 0, 0, 1, 0, 0]","[0, 0, 0, 0, 0, 0, 0, 1, 0]","[0, 0, 0, 0, 0, 0, 0, 0, 1]",,,,,,,,,,0,0
2025-07-02T23:07:13.534335,1,4,1,4,1,4,0,5,1,4,0,5,1,4,1,4,1,4,"[1, 0, 0, 0, 0, 0, 0, 0, 0]","[0, 1, 0, 0, 0, 0, 0, 0, 0]","[0, 0, 1, 0, 0, 0, 0, 0, 0]","[0, 0, 0, 1, 0, 0, 0, 0, 0]","[0, 0, 0, 0, 1, 0, 0, 0, 0]","[0, 0, 0, 0, 0, 1, 0, 0, 0]","[0, 0, 0, 0, 0, 0, 1, 0, 0]","[0, 0, 0, 0, 0, 0, 0, 1, 0]","[0, 0, 0, 0, 0, 0, 0, 0, 1]",,,,,,,,,,0,0
2025-07-02T23:07:15.554815,3,2,3,2,3,2,1,4,3,2,2,3,3,2,2,3,3,2,"[1, 0, 0, 0, 0, 0, 0, 0, 0]","[0, 1, 0, 0, 0, 0, 0, 0, 0]","[0, 0, 1, 0, 0, 0, 0, 0, 0]","[0, 0, 0, 1, 0, 0, 0, 0, 0]","[0, 0, 0, 0, 1, 0, 0, 0, 0]","[0, 0, 0, 0, 0, 1, 0, 0, 0]","[0, 0, 0, 0, 0, 0, 1, 0, 0]","[0, 0, 0, 0, 0, 0, 0, 1, 0]","[0, 0, 0, 0, 0, 0, 0, 0, 1]",0.819047619047619,0.819047619047619,0.819047619047619,0.7904761904761906,0.819047619047619,0.7904761904761906,0.8,0.8095238095238095,0.819047619047619,1,0
2025-07-02T23:07:43.836016,2,3,2,3,2,3,1,4,2,3,1,4,2,3,2,3,2,3,"[1, 0, 0, 0, 0, 0, 0, 0, 0]","[0, 1, 0, 0, 0, 0, 0, 0, 0]","[0, 0, 1, 0, 0, 0, 0, 0, 0]","[0, 0, 0, 1, 0, 0, 0, 0, 0]","[0, 0, 0, 0, 1, 0, 0, 0, 0]","[0, 0, 0, 0, 0, 1, 0, 0, 0]","[0, 0, 0, 0, 0, 0, 1, 0, 0]","[0, 0, 0, 0, 0, 0, 0, 1, 0]","[0, 0, 0, 0, 0, 0, 0, 0, 1]",,,,,,,,,,0,0
2025-07-02T23:08:14.044176,2,3,2,3,2,3,3,2,2,3,1,4,2,3,2,3,2,3,"[1, 0, 0, 0, 0, 0, 0, 0, 0]","[0, 1, 0, 0, 0, 0, 0, 0, 0]","[0, 0, 1, 0, 0, 0, 0, 0, 0]","[0, 0, 0, 1, 0, 0, 0, 0, 0]","[0, 0, 0, 0, 1, 0, 0, 0, 0]","[0, 0, 0, 0, 0, 1, 0, 0, 0]","[0, 0, 0, 0, 0, 0, 1, 0, 0]","[0, 0, 0, 0, 0, 0, 0, 1, 0]","[0, 0, 0, 0, 0, 0, 0, 0, 1]",,,,,,,,,,0,0
2025-07-02T23:08:44.288810,2,3,2,3,2,3,3,2,2,3,1,4,2,3,2,3,2,3,"[1, 0, 0, 0, 0, 0, 0, 0, 0]","[0, 1, 0, 0, 0, 0, 0, 0, 0]","[0, 0, 1, 0, 0, 0, 0, 0, 0]","[0, 0, 0, 1, 0, 0, 0, 0, 0]","[0, 0, 0, 0, 1, 0, 0, 0, 0]","[0, 0, 0, 0, 0, 1, 0, 0, 0]","[0, 0, 0, 0, 0, 0, 1, 0, 0]","[0, 0, 0, 0, 0, 0, 0, 1, 0]","[0, 0, 0, 0, 0, 0, 0, 0, 1]",,,,,,,,,,0,0
2025-07-02T23:09:14.481885,2,3,2,3,2,3,3,2,2,3,1,4,2,3,2,3,2,3,"[1, 0, 0, 0, 0, 0, 0, 0, 0]","[0, 1, 0, 0, 0, 0, 0, 0, 0]","[0, 0, 1, 0, 0, 0, 0, 0, 0]","[0, 0, 0, 1, 0, 0, 0, 0, 0]","[0, 0, 0, 0, 1, 0, 0, 0, 0]","[0, 0, 0, 0, 0, 1, 0, 0, 0]","[0, 0, 0, 0, 0, 0, 1, 0, 0]","[0, 0, 0, 0, 0, 0, 0, 1, 0]","[0, 0, 0, 0, 0, 0, 0, 0, 1]",,,,,,,,,,0,0
2025-07-02T23:09:44.730003,2,3,2,3,2,3,3,2,2,3,1,4,2,3,2,3,2,3,"[1, 0, 0, 0, 0, 0, 0, 0, 0]","[0, 1, 0, 0, 0, 0, 0, 0, 0]","[0, 0, 1, 0, 0, 0, 0, 0, 0]","[0, 0, 0, 1, 0, 0, 0, 0, 0]","[0, 0, 0, 0, 1, 0, 0, 0, 0]","[0, 0, 0, 0, 0, 1, 0, 0, 0]","[0, 0, 0, 0, 0, 0, 1, 0, 0]","[0, 0, 0, 0, 0, 0, 0, 1, 0]","[0, 0, 0, 0, 0, 0, 0, 0, 1]",,,,,,,,,,0,0
2025-07-02T23:10:14.932254,2,3,2,3,2,3,3,2,2,3,1,4,2,3,2,3,2,3,"[1, 0, 0, 0, 0, 0, 0, 0, 0]","[0, 1, 0, 0, 0, 0, 0, 0, 0]","[0, 0, 1, 0, 0, 0, 0, 0, 0]","[0, 0, 0, 1, 0, 0, 0, 0, 0]","[0, 0, 0, 0, 1, 0, 0, 0, 0]","[0, 0, 0, 0, 0, 1, 0, 0, 0]","[0, 0, 0, 0, 0, 0, 1, 0, 0]","[0, 0, 0, 0, 0, 0, 0, 1, 0]","[0, 0, 0, 0, 0, 0, 0, 0, 1]",,,,,,,,,,0,0
2025-07-02T23:10:45.175077,2,3,2,3,2,3,3,2,2,3,1,4,2,3,2,3,2,3,"[1, 0, 0, 0, 0, 0, 0, 0, 0]","[0, 1, 0, 0, 0, 0, 0, 0, 0]","[0, 0, 1, 0, 0, 0, 0, 0, 0]","[0, 0, 0, 1, 0, 0, 0, 0, 0]","[0, 0, 0, 0, 1, 0, 0, 0, 0]","[0, 0, 0, 0, 0, 1, 0, 0, 0]","[0, 0, 0, 0, 0, 0, 1, 0, 0]","[0, 0, 0, 0, 0, 0, 0, 1, 0]","[0, 0, 0, 0, 0, 0, 0, 0, 1]",,,,,,,,,,0,0
2025-07-02T23:11:15.371833,2,3,2,3,2,3,3,2,2,3,1,4,2,3,2,3,2,3,"[1, 0, 0, 0, 0, 0, 0, 0, 0]","[0, 1, 0, 0, 0, 0, 0, 0, 0]","[0, 0, 1, 0, 0, 0, 0, 0, 0]","[0, 0, 0, 1, 0, 0, 0, 0, 0]","[0, 0, 0, 0, 1, 0, 0, 0, 0]","[0, 0, 0, 0, 0, 1, 0, 0, 0]","[0, 0, 0, 0, 0, 0, 1, 0, 0]","[0, 0, 0, 0, 0, 0, 0, 1, 0]","[0, 0, 0, 0, 0, 0, 0, 0, 1]",,,,,,,,,,0,0
2025-07-02T23:11:45.599507,2,3,2,3,2,3,3,2,2,3,1,4,2,3,2,3,2,3,"[1, 0, 0, 0, 0, 0, 0, 0, 0]","[0, 1, 0, 0, 0, 0, 0, 0, 0]","[0, 0, 1, 0, 0, 0, 0, 0, 0]","[0, 0, 0, 1, 0, 0, 0, 0, 0]","[0, 0, 0, 0, 1, 0, 0, 0, 0]","[0, 0, 0, 0, 0, 1, 0, 0, 0]","[0, 0, 0, 0, 0, 0, 1, 0, 0]","[0, 0, 0, 0, 0, 0, 0, 1, 0]","[0, 0, 0, 0, 0, 0, 0, 0, 1]",,,,,,,,,,0,0
2025-07-02T23:12:15.798238,2,3,2,3,2,3,3,2,2,3,1,4,2,3,2,3,2,3,"[1, 0, 0, 0, 0, 0, 0, 0, 0]","[0, 1, 0, 0, 0, 0, 0, 0, 0]","[0, 0, 1, 0, 0, 0, 0, 0, 0]","[0, 0, 0, 1, 0, 0, 0, 0, 0]","[0, 0, 0, 0, 1, 0, 0, 0, 0]","[0, 0, 0, 0, 0, 1, 0, 0, 0]","[0, 0, 0, 0, 0, 0, 1, 0, 0]","[0, 0, 0, 0, 0, 0, 0, 1, 0]","[0, 0, 0, 0, 0, 0, 0, 0, 1]",,,,,,,,,,0,0
