timestamp,adservice_running,adservice_paused,cartservice_running,cartservice_paused,checkoutservice_running,checkoutservice_paused,currencyservice_running,currencyservice_paused,emailservice_running,emailservice_paused,paymentservice_running,paymentservice_paused,frontend_running,frontend_paused,productcatalogservice_running,productcatalogservice_paused,recommendationservice_running,recommendationservice_paused,shippingservice_running,shippingservice_paused
2025-04-28T10:40:43.024812,3,0,3,0,3,0,3,0,2,0,2,0,2,0,2,0,2,0,2,0
2025-04-28T10:41:13.172548,3,0,3,0,3,0,3,0,2,0,2,0,2,0,2,0,2,0,2,0
2025-04-28T10:41:43.294756,3,0,3,0,3,0,3,0,2,0,2,0,2,0,2,0,2,0,2,0
2025-04-28T10:42:06.103145,3,0,3,0,3,0,3,0,2,0,2,0,2,0,2,0,2,0,2,0
2025-04-28T10:42:21.232010,3,0,3,0,3,0,3,0,2,0,2,0,2,0,2,0,2,0,2,0
2025-04-28T10:42:36.349235,3,0,3,0,3,0,3,0,2,0,2,0,2,0,2,0,2,0,2,0
2025-04-28T10:42:51.506959,3,0,3,0,3,0,3,0,2,0,2,0,2,0,2,0,2,0,2,0
2025-04-28T10:43:06.622046,3,0,3,0,3,0,3,0,2,0,2,0,2,0,2,0,2,0,2,0
2025-04-28T10:43:21.752432,3,0,3,0,3,0,3,0,2,0,2,0,2,0,2,0,2,0,2,0
2025-04-28T10:43:36.871832,3,0,3,0,3,0,3,0,2,0,2,0,2,0,2,0,2,0,2,0
2025-04-28T10:43:52.031569,3,0,3,0,3,0,3,0,2,0,2,0,2,0,2,0,2,0,2,0
2025-04-28T10:44:07.156810,3,0,3,0,3,0,3,0,2,0,2,0,2,0,2,0,2,0,2,0
2025-04-28T10:44:22.283259,3,0,3,0,3,0,3,0,2,0,2,0,2,0,2,0,2,0,2,0
2025-04-28T10:44:37.429075,3,0,3,0,3,0,3,0,2,0,2,0,2,0,2,0,2,0,2,0
2025-04-28T10:44:52.559395,3,0,3,0,3,0,3,0,2,0,2,0,2,0,2,0,2,0,2,0
2025-04-28T10:45:07.682421,3,0,3,0,3,0,3,0,2,0,2,0,2,0,2,0,2,0,2,0
2025-04-28T10:45:22.845403,3,0,3,0,3,0,3,0,2,0,2,0,2,0,2,0,2,0,2,0
2025-04-28T10:45:37.966060,3,0,3,0,3,0,3,0,2,0,2,0,2,0,2,0,2,0,2,0
2025-04-28T10:45:53.092921,3,0,3,0,3,0,3,0,2,0,2,0,2,0,2,0,2,0,2,0
2025-04-28T10:46:08.246452,3,0,3,0,3,0,3,0,2,0,2,0,2,0,2,0,2,0,2,0
2025-04-28T10:46:23.373668,3,0,3,0,3,0,3,0,2,0,2,0,2,0,2,0,2,0,2,0
2025-04-28T10:46:38.498179,3,0,3,0,3,0,3,0,2,0,2,0,2,0,2,0,2,0,2,0
2025-04-28T10:46:53.643897,3,0,3,0,3,0,3,0,2,0,2,0,2,0,2,0,2,0,2,0
2025-04-28T10:47:08.794325,3,0,3,0,3,0,3,0,2,0,2,0,2,0,2,0,2,0,2,0
2025-04-28T10:47:23.935832,3,0,3,0,3,0,3,0,2,0,2,0,2,0,2,0,2,0,2,0
2025-04-28T10:47:39.056210,3,0,3,0,3,0,3,0,2,0,2,0,2,0,2,0,2,0,2,0
2025-04-28T10:47:54.231357,3,0,3,0,3,0,3,0,2,0,2,0,2,0,2,0,2,0,2,0
2025-04-28T10:48:09.354169,3,0,3,0,3,0,3,0,2,0,2,0,2,0,2,0,2,0,2,0
2025-04-28T10:48:24.495317,3,0,3,0,3,0,3,0,2,0,2,0,2,0,2,0,2,0,2,0
2025-04-28T10:48:39.646730,3,0,3,0,3,0,3,0,2,0,2,0,2,0,2,0,2,0,2,0
2025-04-28T10:48:54.777185,3,0,3,0,3,0,3,0,2,0,2,0,2,0,2,0,2,0,2,0
2025-04-28T10:49:09.900929,3,0,3,0,3,0,3,0,2,0,2,0,2,0,2,0,2,0,2,0
2025-04-28T10:49:25.066541,3,0,3,0,3,0,3,0,2,0,2,0,2,0,2,0,2,0,2,0
2025-04-28T10:49:40.198085,3,0,3,0,3,0,3,0,2,0,2,0,2,0,2,0,2,0,2,0
2025-04-28T10:49:55.330388,3,0,3,0,3,0,3,0,2,0,2,0,2,0,2,0,2,0,2,0
2025-04-28T10:50:10.451504,3,0,3,0,3,0,3,0,2,0,2,0,2,0,2,0,2,0,2,0
2025-04-28T10:50:25.610103,3,0,3,0,3,0,3,0,2,0,2,0,2,0,2,0,2,0,2,0
2025-04-28T10:58:46.987108,3,0,3,0,3,0,3,0,2,0,2,0,2,0,2,0,2,0,2,0
2025-04-28T10:59:02.116083,3,0,3,0,3,0,3,0,2,0,2,0,2,0,2,0,2,0,2,0
2025-04-28T10:59:17.237260,3,0,3,0,3,0,3,0,2,0,2,0,2,0,2,0,2,0,2,0
2025-04-28T11:00:15.533076,3,0,3,0,3,0,3,0,2,0,2,0,2,0,2,0,2,0,2,0
2025-04-28T11:00:30.658314,3,0,3,0,3,0,3,0,2,0,2,0,2,0,2,0,2,0,2,0
2025-04-28T11:00:45.806863,3,0,3,0,3,0,3,0,2,0,2,0,2,0,2,0,2,0,2,0
2025-04-28T11:01:00.963182,3,0,3,0,3,0,3,0,2,0,2,0,2,0,2,0,2,0,2,0
2025-04-28T11:01:16.086436,3,0,3,0,3,0,3,0,2,0,2,0,2,0,2,0,2,0,2,0
2025-04-28T11:01:31.244915,3,0,3,0,3,0,3,0,2,0,2,0,2,0,2,0,2,0,2,0
2025-04-28T11:01:46.362726,3,0,3,0,3,0,3,0,2,0,2,0,2,0,2,0,2,0,2,0
2025-04-28T11:02:01.522713,3,0,3,0,3,0,3,0,2,0,2,0,2,0,2,0,2,0,2,0
2025-04-28T11:02:16.646898,3,0,3,0,3,0,3,0,2,0,2,0,2,0,2,0,2,0,2,0
2025-04-28T11:02:31.808763,3,0,3,0,3,0,3,0,2,0,2,0,2,0,2,0,2,0,2,0
2025-04-28T11:02:46.935766,3,0,3,0,3,0,3,0,2,0,2,0,2,0,2,0,2,0,2,0
2025-04-28T11:03:02.091076,3,0,3,0,3,0,3,0,2,0,2,0,2,0,2,0,2,0,2,0
2025-04-28T11:03:17.221822,3,0,3,0,3,0,3,0,2,0,2,0,2,0,2,0,2,0,2,0
2025-04-28T11:03:32.348144,3,0,3,0,3,0,3,0,2,0,2,0,2,0,2,0,2,0,2,0
2025-04-28T11:03:47.470162,3,0,3,0,3,0,3,0,2,0,2,0,2,0,2,0,2,0,2,0
2025-04-28T11:04:02.604869,3,0,3,0,3,0,3,0,2,0,2,0,2,0,2,0,2,0,2,0
2025-04-28T11:04:17.745969,3,0,3,0,3,0,3,0,3,0,3,0,3,0,2,0,2,0,2,0
2025-04-28T11:04:32.871785,2,0,2,0,2,0,3,0,3,0,3,0,3,0,2,0,2,0,2,0
2025-04-28T11:04:47.993525,2,0,2,0,2,0,3,0,3,0,3,0,3,0,2,0,2,0,2,0
2025-04-28T11:05:03.119440,2,0,2,0,2,0,3,0,3,0,3,0,3,0,2,0,2,0,2,0
2025-04-28T11:05:18.242445,2,0,2,0,2,0,3,0,3,0,3,0,3,0,2,0,2,0,2,0
2025-04-28T11:05:33.389335,2,0,2,0,2,0,3,0,3,0,3,0,3,0,2,0,2,0,2,0
2025-04-28T11:16:20.342881,2,0,2,0,2,0,2,0,2,0,2,0,2,0,2,0,2,0,2,0
2025-04-28T11:16:35.461728,2,0,2,0,2,0,2,0,2,0,2,0,2,0,2,0,2,0,2,0
2025-04-28T11:16:50.570022,2,0,2,0,2,0,2,0,2,0,2,0,2,0,2,0,2,0,2,0
2025-04-28T11:17:05.676831,2,0,2,0,2,0,2,0,2,0,2,0,2,0,2,0,2,0,2,0
2025-04-28T11:17:20.783554,2,0,2,0,2,0,2,0,2,0,2,0,2,0,2,0,2,0,2,0
2025-04-28T11:17:35.920842,2,0,2,0,2,0,2,0,2,0,2,0,2,0,2,0,2,0,2,0
2025-04-28T11:17:51.045953,2,0,2,0,2,0,2,0,2,0,2,0,2,0,2,0,2,0,2,0
2025-04-28T11:18:06.190002,2,0,2,0,2,0,2,0,2,0,2,0,2,0,2,0,2,0,2,0
2025-04-28T11:18:21.321624,2,0,2,0,2,0,2,0,2,0,2,0,2,0,2,0,2,0,2,0
2025-04-28T11:18:36.462603,2,0,2,0,2,0,2,0,2,0,2,0,2,0,2,0,2,0,2,0
2025-04-28T11:18:51.582320,2,0,2,0,2,0,2,0,2,0,2,0,2,0,2,0,2,0,2,0
2025-04-28T11:19:06.723993,2,0,2,0,2,0,2,0,2,0,2,0,2,0,2,0,2,0,2,0
2025-04-28T11:19:21.829373,2,0,2,0,2,0,2,0,2,0,2,0,2,0,2,0,2,0,2,0
2025-04-28T11:19:36.940326,2,0,2,0,2,0,2,0,2,0,2,0,2,0,2,0,2,0,2,0
2025-04-28T11:19:52.053300,2,0,2,0,2,0,2,0,2,0,2,0,2,0,2,0,2,0,2,0
2025-04-28T11:20:07.160992,2,0,2,0,2,0,2,0,2,0,2,0,2,0,2,0,2,0,2,0
2025-04-28T11:20:22.268276,2,0,2,0,2,0,2,0,2,0,2,0,2,0,2,0,2,0,2,0
2025-04-28T11:20:37.374224,2,0,2,0,2,0,2,0,2,0,2,0,2,0,2,0,2,0,2,0
2025-04-28T11:20:52.479826,2,0,2,0,2,0,2,0,2,0,2,0,2,0,2,0,2,0,2,0
2025-04-28T11:21:07.591957,2,0,2,0,2,0,2,0,2,0,2,0,2,0,2,0,2,0,2,0
2025-04-28T11:21:22.697763,2,0,2,0,2,0,2,0,2,0,2,0,2,0,2,0,2,0,2,0
2025-04-28T11:21:37.811902,2,0,2,0,2,0,2,0,2,0,2,0,2,0,2,0,2,0,2,0
2025-04-28T11:21:52.953062,2,0,2,0,2,0,2,0,2,0,2,0,2,0,2,0,2,0,2,0
2025-04-28T11:22:08.066040,2,0,2,0,2,0,2,0,2,0,2,0,2,0,2,0,2,0,2,0
2025-04-28T11:22:23.207035,2,0,2,0,2,0,2,0,2,0,2,0,2,0,2,0,2,0,2,0
2025-04-28T11:22:38.323395,2,0,2,0,2,0,2,0,2,0,2,0,2,0,2,0,2,0,2,0
2025-04-28T11:22:53.465552,2,0,2,0,2,0,2,0,2,0,2,0,2,0,2,0,2,0,2,0
2025-04-28T11:23:08.579843,2,0,2,0,2,0,2,0,2,0,2,0,2,0,2,0,2,0,2,0
2025-04-28T11:23:23.714666,2,0,2,0,2,0,2,0,2,0,2,0,2,0,2,0,2,0,2,0
2025-04-28T11:23:38.829042,2,0,2,0,2,0,2,0,2,0,2,0,2,0,2,0,2,0,2,0
2025-04-28T11:23:53.943666,2,0,2,0,2,0,2,0,2,0,2,0,2,0,2,0,2,0,2,0
2025-04-28T11:24:09.052446,2,0,2,0,2,0,2,0,2,0,2,0,2,0,2,0,2,0,2,0
2025-04-28T11:24:24.160049,2,0,2,0,2,0,2,0,2,0,2,0,2,0,2,0,2,0,2,0
2025-04-28T11:24:39.302190,2,0,2,0,2,0,2,0,2,0,2,0,2,0,2,0,2,0,2,0
2025-04-28T11:24:54.411775,2,0,2,0,2,0,2,0,2,0,2,0,2,0,2,0,2,0,2,0
2025-04-28T11:26:35.783129,2,0,2,0,2,0,2,0,2,0,2,0,2,0,2,0,2,0,2,0
2025-04-28T11:26:50.897583,2,0,2,0,2,0,2,0,2,0,2,0,2,0,2,0,2,0,2,0
2025-04-28T11:44:07.720968,2,0,2,0,2,0,2,0,2,0,2,0,2,0,2,0,2,0,2,0
2025-04-28T11:55:02.211312,2,0,2,0,2,0,2,0,2,0,2,0,2,0,2,0,2,0,2,0
2025-04-28T11:55:22.468615,2,0,2,0,2,0,2,0,2,0,2,0,2,0,2,0,2,0,2,0
2025-04-28T11:55:42.678400,2,0,2,0,2,0,2,0,2,0,2,0,2,0,2,0,2,0,2,0
2025-04-28T12:00:53.823669,2,0,2,0,2,0,2,0,2,0,2,0,2,0,2,0,2,0,2,0
2025-04-28T12:01:14.103060,2,0,2,0,2,0,2,0,2,0,2,0,2,0,2,0,2,0,2,0
2025-04-28T12:01:56.652531,2,0,2,0,2,0,2,0,2,0,2,0,2,0,2,0,2,0,2,0
2025-04-28T12:02:16.867666,2,0,2,0,2,0,2,0,2,0,2,0,2,0,2,0,2,0,2,0
2025-04-28T12:02:37.180671,2,0,2,0,2,0,2,0,2,0,2,0,2,0,2,0,2,0,2,0
2025-04-28T12:02:57.395262,2,0,2,0,2,0,2,0,2,0,2,0,2,0,2,0,2,0,2,0
2025-04-28T12:03:17.719020,2,0,2,0,2,0,2,0,2,0,2,0,2,0,2,0,2,0,2,0
2025-04-28T12:03:38.228430,2,0,2,0,2,0,2,0,2,0,2,0,2,0,2,0,2,0,2,0
2025-04-28T12:03:58.529049,2,0,2,0,2,0,2,0,2,0,2,0,2,0,2,0,2,0,2,0
2025-04-28T12:04:18.800129,2,0,2,0,2,0,2,0,2,0,2,0,2,0,2,0,2,0,2,0
2025-04-28T12:11:03.555290,2,0,2,0,2,0,2,0,2,0,2,0,2,0,2,0,2,0,2,0
2025-04-28T12:11:18.771597,2,0,2,0,2,0,2,0,2,0,2,0,2,0,2,0,2,0,2,0
2025-04-28T12:11:33.902624,2,0,2,0,2,0,2,0,2,0,2,0,2,0,2,0,2,0,2,0
2025-04-28T12:11:49.031883,2,0,2,0,2,0,2,0,2,0,2,0,2,0,2,0,2,0,2,0
2025-04-28T12:12:04.160115,1,1,1,1,1,1,1,1,1,1,1,1,1,1,1,1,1,1,1,1
2025-04-28T12:12:19.324581,2,0,2,0,2,0,2,0,2,0,2,0,2,0,2,0,2,0,2,0
2025-04-28T12:12:34.454941,2,0,2,0,2,0,2,0,2,0,2,0,2,0,2,0,2,0,2,0
2025-04-28T12:12:49.582229,2,0,2,0,2,0,2,0,2,0,2,0,2,0,2,0,2,0,2,0
2025-04-28T12:13:04.706710,2,0,2,0,2,0,2,0,2,0,2,0,2,0,2,0,2,0,2,0
2025-04-28T12:13:19.884103,2,0,2,0,2,0,2,0,2,0,2,0,2,0,2,0,2,0,2,0
2025-04-28T12:13:35.013971,2,0,2,0,2,0,2,0,2,0,2,0,2,0,2,0,2,0,2,0
2025-04-28T12:13:50.145594,1,1,1,1,1,1,1,1,1,1,1,1,1,1,1,1,1,1,1,1
2025-04-28T12:14:05.271009,2,0,2,0,2,0,2,0,2,0,2,0,2,0,2,0,2,0,2,0
2025-04-28T12:14:20.426104,2,0,2,0,2,0,2,0,2,0,2,0,2,0,2,0,2,0,2,0
2025-04-28T12:14:35.555837,2,0,2,0,2,0,2,0,2,0,2,0,2,0,2,0,2,0,2,0
2025-04-28T12:14:50.684674,0,2,1,1,0,2,1,1,1,1,0,2,1,1,0,2,1,1,0,2
2025-04-28T12:15:05.810178,2,0,2,0,2,0,2,0,2,0,2,0,2,0,2,0,2,0,2,0
2025-04-28T12:15:21.019075,2,0,2,0,2,0,2,0,2,0,2,0,2,0,2,0,2,0,2,0
2025-04-28T12:15:36.141530,2,0,2,0,2,0,2,0,2,0,2,0,2,0,2,0,2,0,2,0
2025-04-28T12:15:51.265242,1,1,1,1,1,1,1,1,1,1,1,1,1,1,1,1,1,1,1,1
2025-04-28T12:16:06.390711,2,0,2,0,2,0,2,0,2,0,2,0,2,0,2,0,2,0,2,0
2025-04-28T12:16:21.553299,2,0,2,0,2,0,2,0,2,0,2,0,2,0,2,0,2,0,2,0
2025-04-28T12:16:36.683806,2,0,2,0,2,0,2,0,2,0,2,0,2,0,2,0,2,0,2,0
2025-04-28T12:17:00.426006,2,0,2,0,2,0,2,0,2,0,2,0,2,0,2,0,2,0,2,0
2025-04-28T12:17:15.636222,2,0,2,0,2,0,2,0,2,0,2,0,2,0,2,0,2,0,2,0
2025-04-28T12:17:30.771708,2,0,2,0,2,0,2,0,2,0,2,0,2,0,2,0,2,0,2,0
2025-04-28T12:17:45.893861,2,0,2,0,2,0,2,0,2,0,2,0,2,0,2,0,2,0,2,0
2025-04-28T12:18:01.021080,2,0,2,0,2,0,2,0,2,0,2,0,2,0,2,0,2,0,2,0
2025-04-28T12:18:16.180707,2,0,2,0,2,0,2,0,2,0,2,0,2,0,2,0,2,0,2,0
2025-04-28T12:18:31.309770,2,0,2,0,2,0,2,0,2,0,2,0,2,0,2,0,2,0,2,0
2025-04-28T12:18:46.432464,2,0,2,0,2,0,2,0,2,0,2,0,2,0,2,0,2,0,2,0
2025-04-28T12:19:01.557332,1,1,1,1,1,1,1,1,1,1,1,1,1,1,1,1,1,1,1,1
2025-04-28T12:19:16.723650,2,0,2,0,2,0,2,0,2,0,2,0,2,0,2,0,2,0,2,0
2025-04-28T12:19:31.854729,2,0,2,0,2,0,2,0,2,0,2,0,2,0,2,0,2,0,2,0
2025-04-28T12:19:46.985645,2,0,2,0,2,0,2,0,2,0,2,0,2,0,2,0,2,0,2,0
2025-04-28T12:20:02.109398,1,1,1,1,0,2,1,1,0,2,0,2,0,2,0,2,0,2,1,1
2025-04-28T12:20:17.277227,2,0,2,0,2,0,2,0,2,0,2,0,2,0,2,0,2,0,2,0
2025-04-28T12:20:32.405776,2,0,2,0,2,0,2,0,2,0,2,0,2,0,2,0,2,0,2,0
2025-04-28T12:20:47.532762,2,0,2,0,2,0,2,0,2,0,2,0,2,0,2,0,2,0,2,0
2025-04-28T12:21:02.656765,2,0,2,0,2,0,2,0,2,0,2,0,2,0,2,0,2,0,2,0
2025-04-28T12:21:17.811077,2,0,2,0,2,0,2,0,2,0,2,0,2,0,2,0,2,0,2,0
2025-04-28T12:21:32.937653,2,0,2,0,2,0,2,0,2,0,2,0,2,0,2,0,2,0,2,0
2025-04-28T12:21:48.067727,1,1,1,1,1,1,1,1,1,1,1,1,1,1,1,1,1,1,1,1
2025-04-28T12:22:03.191014,2,0,2,0,2,0,2,0,2,0,2,0,2,0,2,0,2,0,2,0
2025-04-28T12:22:18.325700,2,0,2,0,2,0,2,0,2,0,2,0,2,0,2,0,2,0,2,0
2025-04-28T12:22:44.310561,2,0,2,0,2,0,2,0,2,0,2,0,2,0,2,0,2,0,2,0
2025-04-28T12:22:59.554769,2,0,2,0,2,0,3,0,3,0,3,0,3,0,2,0,2,0,2,0
2025-04-28T12:23:14.706780,2,0,2,0,2,0,3,0,3,0,3,0,3,0,2,0,2,0,2,0
2025-04-28T12:23:29.873213,2,0,2,0,2,0,3,0,3,0,3,0,3,0,2,0,2,0,2,0
2025-04-28T12:23:45.010822,2,0,2,0,2,0,3,0,3,0,3,0,3,0,2,0,2,0,2,0
2025-04-28T12:24:00.159663,2,0,2,0,2,0,3,0,3,0,3,0,3,0,2,0,2,0,2,0
2025-04-28T12:24:15.308797,2,0,2,0,2,0,3,0,3,0,3,0,3,0,2,0,2,0,2,0
2025-04-28T12:24:30.458418,1,1,1,1,1,1,3,0,3,0,3,0,3,0,2,0,2,0,2,0
2025-04-28T12:24:45.630612,3,0,3,0,3,0,3,0,3,0,3,0,3,0,2,0,2,0,2,0
2025-04-28T12:25:00.797564,3,0,3,0,3,0,2,0,2,0,2,0,2,0,2,0,2,0,2,0
2025-04-28T12:25:15.977683,3,0,3,0,3,0,2,0,2,0,2,0,2,0,2,0,2,0,2,0
2025-04-28T12:25:31.112183,3,0,3,0,3,0,1,1,1,1,1,1,1,1,2,0,2,0,2,0
2025-04-28T12:25:46.275092,3,0,3,0,3,0,1,1,1,1,1,1,1,1,2,0,2,0,2,0
2025-04-28T12:26:01.427252,3,0,3,0,3,0,2,0,2,0,2,0,2,0,2,0,2,0,2,0
2025-04-28T12:26:16.586677,3,0,3,0,3,0,2,0,2,0,2,0,2,0,2,0,2,0,2,0
2025-04-28T12:26:31.725715,3,0,3,0,3,0,2,0,2,0,2,0,2,0,2,0,2,0,2,0
2025-04-28T12:26:46.861905,3,0,3,0,3,0,2,0,3,0,3,0,3,0,2,0,2,0,2,0
2025-04-28T12:27:02.041799,2,0,2,0,2,0,2,0,3,0,3,0,3,0,2,0,2,0,2,0
2025-04-28T12:27:17.180654,2,0,2,0,2,0,2,0,3,0,3,0,3,0,2,0,2,0,2,0
2025-04-28T12:27:32.345778,2,0,2,0,2,0,2,0,3,0,3,0,3,0,2,0,2,0,2,0
2025-04-28T12:27:47.481694,2,0,2,0,2,0,2,0,3,0,3,0,3,0,2,0,2,0,2,0
2025-04-28T12:28:02.636067,2,0,2,0,2,0,2,0,3,0,3,0,3,0,2,0,2,0,2,0
2025-04-28T12:28:17.785669,2,0,2,0,2,0,2,0,3,0,3,0,3,0,2,0,2,0,2,0
2025-04-28T12:28:32.936599,2,0,2,0,2,0,2,0,3,0,3,0,3,0,2,0,2,0,2,0
2025-04-28T12:28:48.106657,2,1,2,1,2,1,2,1,3,0,3,0,3,0,2,0,2,0,2,0
2025-04-28T12:29:03.277075,3,0,3,0,3,0,3,0,2,0,2,0,2,0,2,0,2,0,2,0
2025-04-28T12:29:18.461742,3,0,3,0,3,0,3,0,2,0,2,0,2,0,2,0,2,0,2,0
2025-04-28T12:29:33.609942,3,0,3,0,3,0,3,0,2,0,2,0,2,0,2,0,2,0,2,0
2025-04-28T12:29:48.748111,2,1,2,1,2,1,2,1,2,0,2,0,2,0,2,0,2,0,2,0
2025-04-28T12:30:03.927874,3,0,3,0,3,0,3,0,2,0,2,0,2,0,2,0,2,0,2,0
2025-04-28T12:30:19.083105,3,0,3,0,3,0,3,0,2,0,2,0,2,0,2,0,2,0,2,0
2025-04-28T12:30:34.257641,3,0,3,0,3,0,3,0,2,0,2,0,2,0,2,0,2,0,2,0
2025-04-28T12:30:49.401573,3,0,3,0,3,0,2,1,1,1,1,1,2,0,2,0,2,0,2,0
2025-04-28T12:31:04.567750,3,0,3,0,3,0,2,0,2,0,2,0,2,0,2,0,2,0,2,0
2025-04-28T12:31:19.706830,3,0,3,0,3,0,2,0,2,0,2,0,2,0,2,0,2,0,2,0
2025-04-28T12:31:34.865143,3,0,3,0,3,0,2,0,2,0,2,0,2,0,2,0,2,0,2,0
2025-04-28T12:31:50.008234,3,0,3,0,3,0,2,0,2,0,2,0,1,1,1,1,1,1,1,1
2025-04-28T12:32:05.145642,3,0,3,0,3,0,2,0,2,0,2,0,2,0,2,0,2,0,2,0
2025-04-28T12:32:20.279372,3,0,3,0,3,0,2,0,2,0,2,0,2,0,2,0,2,0,2,0
2025-04-28T12:32:35.420722,3,0,3,0,3,0,2,0,2,0,2,0,2,0,2,0,2,0,2,0
2025-04-28T12:32:50.589638,2,0,2,0,2,0,1,1,1,1,1,1,3,0,3,0,3,0,3,0
2025-04-28T12:33:05.759591,2,0,2,0,2,0,2,0,2,0,2,0,3,0,3,0,3,0,3,0
2025-04-28T12:33:20.950362,2,0,2,0,2,0,2,0,2,0,2,0,3,0,3,0,3,0,3,0
2025-04-28T12:33:36.097017,2,0,2,0,2,0,2,0,2,0,2,0,3,0,3,0,3,0,3,0
2025-04-28T12:33:51.238765,2,0,2,0,2,0,1,1,1,1,1,1,2,1,2,1,2,1,2,1
2025-04-28T12:34:06.410903,2,0,2,0,2,0,2,0,2,0,2,0,3,0,3,0,3,0,3,0
2025-04-28T12:34:21.562784,2,0,2,0,2,0,2,0,2,0,2,0,3,0,3,0,3,0,3,0
2025-04-28T12:34:36.739660,2,0,2,0,2,0,2,0,2,0,2,0,3,0,3,0,3,0,3,0
2025-04-28T12:34:51.882063,2,0,2,0,2,0,3,0,3,0,3,0,2,0,2,0,2,0,2,0
2025-04-28T12:35:07.025259,2,0,2,0,2,0,3,0,3,0,3,0,2,0,2,0,2,0,2,0
2025-04-28T12:35:22.166006,2,0,2,0,2,0,3,0,3,0,3,0,2,0,2,0,2,0,2,0
2025-04-28T12:35:37.304463,2,0,2,0,2,0,3,0,3,0,3,0,2,0,2,0,2,0,2,0
2025-04-28T12:35:52.442210,2,0,2,0,2,0,3,0,3,0,3,0,2,0,2,0,2,0,2,0
2025-04-28T12:36:07.578628,2,0,2,0,2,0,3,0,3,0,3,0,2,0,2,0,2,0,2,0
2025-04-28T12:36:22.713143,2,0,2,0,2,0,3,0,3,0,3,0,2,0,2,0,2,0,2,0
2025-04-28T12:36:37.849995,2,0,2,0,2,0,3,0,3,0,3,0,2,0,2,0,2,0,2,0
2025-04-28T12:36:53.019659,3,0,3,0,3,0,3,0,2,0,2,0,2,0,2,0,2,0,2,0
2025-04-28T12:37:08.156598,3,0,3,0,3,0,3,0,2,0,2,0,2,0,2,0,2,0,2,0
2025-04-28T12:37:23.338294,3,0,3,0,3,0,3,0,2,0,2,0,2,0,2,0,2,0,2,0
2025-04-28T12:37:38.486670,3,0,3,0,3,0,3,0,2,0,2,0,2,0,2,0,2,0,2,0
2025-04-28T12:37:53.630929,3,0,3,0,3,0,3,0,2,0,2,0,2,0,1,1,1,1,1,1
2025-04-28T12:38:08.818170,3,0,3,0,3,0,3,0,2,0,2,0,2,0,2,0,2,0,2,0
2025-04-28T12:38:23.970685,3,0,3,0,3,0,3,0,2,0,2,0,2,0,2,0,2,0,2,0
2025-04-28T12:38:39.152392,3,0,3,0,3,0,3,0,2,0,2,0,2,0,2,0,2,0,2,0
2025-04-28T12:38:54.295798,2,0,2,0,2,0,2,0,1,1,1,1,1,1,3,0,3,0,3,0
2025-04-28T12:39:09.441401,2,0,2,0,2,0,2,0,2,0,2,0,2,0,3,0,3,0,3,0
2025-04-28T12:39:24.580628,2,0,2,0,2,0,2,0,2,0,2,0,2,0,3,0,3,0,3,0
2025-04-28T12:39:39.725722,2,0,2,0,2,0,2,0,2,0,2,0,2,0,3,0,3,0,3,0
2025-04-28T12:39:54.889329,2,0,2,0,2,0,0,2,0,2,1,1,1,1,3,0,3,0,3,0
2025-04-28T12:40:10.031172,2,0,2,0,2,0,2,0,2,0,2,0,2,0,3,0,3,0,3,0
2025-04-28T12:40:25.174708,2,0,2,0,2,0,2,0,2,0,2,0,2,0,3,0,3,0,3,0
2025-04-28T12:40:40.322020,1,1,1,1,1,1,2,0,2,0,2,0,2,0,3,0,3,0,3,0
2025-04-28T12:40:55.482922,2,0,2,0,2,0,3,0,3,0,3,0,2,0,2,0,2,0,2,0
2025-04-28T12:41:10.614839,2,0,2,0,2,0,3,0,3,0,3,0,2,0,2,0,2,0,2,0
2025-04-28T12:41:25.780995,2,0,2,0,2,0,3,0,3,0,3,0,2,0,2,0,2,0,2,0
2025-04-28T12:41:40.919038,2,0,2,0,2,0,3,0,3,0,3,0,2,0,2,0,2,0,2,0
2025-04-28T12:41:56.051738,2,0,2,0,2,0,3,0,3,0,3,0,2,0,2,0,2,0,2,0
2025-04-28T12:42:11.230013,2,0,2,0,2,0,3,0,3,0,3,0,2,0,2,0,2,0,2,0
2025-04-28T12:42:26.388752,2,0,2,0,2,0,3,0,3,0,3,0,2,0,2,0,2,0,2,0
2025-04-28T12:42:41.526427,2,0,2,0,2,0,3,0,3,0,3,0,2,0,2,0,2,0,2,0
2025-04-28T12:42:56.667191,2,0,2,0,2,0,2,0,2,0,2,0,2,1,2,1,2,1,2,1
2025-04-28T12:43:11.837750,2,0,2,0,2,0,2,0,2,0,2,0,3,0,3,0,3,0,3,0
2025-04-28T12:43:26.993202,2,0,2,0,2,0,2,0,2,0,2,0,3,0,3,0,3,0,3,0
2025-04-28T12:43:42.163683,2,0,2,0,2,0,2,0,2,0,2,0,3,0,3,0,3,0,3,0
2025-04-28T12:43:57.311776,2,0,2,0,2,0,2,0,2,0,2,0,1,2,1,2,1,2,1,2
2025-04-28T12:44:12.461879,2,0,2,0,2,0,2,0,2,0,2,0,3,0,3,0,3,0,3,0
2025-04-28T12:44:27.606765,2,0,2,0,2,0,2,0,2,0,2,0,3,0,3,0,3,0,3,0
2025-04-28T12:44:42.743908,2,0,2,0,2,0,2,0,2,0,2,0,3,0,3,0,3,0,3,0
2025-04-28T12:44:57.917301,1,0,1,0,1,0,3,0,3,0,3,0,3,0,2,1,2,1,2,1
2025-04-28T12:45:13.060051,1,0,1,0,1,0,3,0,3,0,3,0,3,0,3,0,3,0,3,0
2025-04-28T12:45:28.227578,1,0,1,0,1,0,3,0,3,0,3,0,3,0,3,0,3,0,3,0
2025-04-28T12:45:43.373201,1,0,1,0,1,0,3,0,3,0,3,0,3,0,3,0,3,0,3,0
2025-04-28T12:45:58.514800,1,0,1,0,1,0,3,0,3,0,3,0,3,0,3,0,3,0,3,0
2025-04-28T12:46:13.709902,1,0,1,0,1,0,3,0,3,0,3,0,3,0,3,0,3,0,3,0
2025-04-28T12:46:28.960706,1,0,1,0,1,0,3,0,3,0,3,0,3,0,3,0,3,0,3,0
2025-04-28T12:46:44.131405,1,0,1,0,1,0,3,0,3,0,3,0,3,0,3,0,3,0,3,0
2025-04-28T12:46:59.275703,2,0,2,0,2,0,2,0,2,0,2,0,3,0,3,0,3,0,3,0
2025-04-28T12:47:14.416221,1,1,1,1,1,1,1,1,1,1,1,1,3,0,3,0,3,0,3,0
2025-04-28T12:47:29.602716,2,0,2,0,2,0,2,0,2,0,2,0,3,0,3,0,3,0,3,0
2025-04-28T12:47:44.750701,2,0,2,0,2,0,2,0,2,0,2,0,3,0,3,0,3,0,3,0
2025-04-28T12:47:59.924506,2,0,2,0,2,0,2,0,2,0,2,0,3,0,3,0,3,0,3,0
2025-04-28T12:48:15.059614,2,0,2,0,2,0,2,0,2,0,2,0,3,0,3,0,3,0,3,0
2025-04-28T12:48:30.235645,2,0,2,0,2,0,2,0,2,0,2,0,3,0,3,0,3,0,3,0
2025-04-28T12:48:45.389651,2,0,2,0,2,0,2,0,2,0,2,0,3,0,3,0,3,0,3,0
2025-04-28T12:49:00.555415,3,0,3,0,3,0,3,0,1,1,1,1,1,1,2,0,2,0,2,0
2025-04-28T12:49:15.697629,2,1,2,1,2,1,2,1,2,0,2,0,2,0,2,0,2,0,2,0
2025-04-28T12:49:30.844785,3,0,3,0,3,0,3,0,2,0,2,0,2,0,2,0,2,0,2,0
2025-04-28T12:49:45.997126,3,0,3,0,3,0,3,0,2,0,2,0,2,0,2,0,2,0,2,0
2025-04-28T12:50:01.162641,3,0,3,0,3,0,3,0,2,0,2,0,2,0,2,0,2,0,2,0
2025-04-28T12:50:16.323650,3,0,3,0,3,0,3,0,1,1,1,1,1,1,2,0,2,0,2,0
2025-04-28T12:50:31.467645,3,0,3,0,3,0,3,0,2,0,2,0,2,0,2,0,2,0,2,0
2025-04-28T12:50:46.636781,3,0,3,0,3,0,3,0,2,0,2,0,2,0,2,0,2,0,2,0
2025-04-28T12:51:01.777183,2,0,2,0,2,0,3,0,3,0,3,0,2,0,2,0,2,0,2,0
2025-04-28T12:51:16.915043,2,0,2,0,2,0,3,0,3,0,3,0,1,1,1,1,1,1,1,1
2025-04-28T12:51:32.074348,2,0,2,0,2,0,3,0,3,0,3,0,2,0,2,0,2,0,2,0
2025-04-28T12:51:47.221673,2,0,2,0,2,0,3,0,3,0,3,0,2,0,2,0,2,0,2,0
2025-04-28T12:52:02.390673,2,0,2,0,2,0,3,0,3,0,3,0,2,0,2,0,2,0,2,0
2025-04-28T12:52:17.526527,2,0,2,0,2,0,3,0,3,0,3,0,2,0,2,0,2,0,2,0
2025-04-28T12:52:32.694762,2,0,2,0,2,0,3,0,3,0,3,0,2,0,2,0,2,0,2,0
2025-04-28T12:52:47.833086,2,0,2,0,2,0,3,0,3,0,3,0,3,0,3,0,3,0,3,0
2025-04-28T12:53:03.025202,2,0,2,0,2,0,2,0,2,0,2,0,3,0,3,0,3,0,3,0
2025-04-28T12:53:18.165647,2,0,2,0,2,0,2,0,2,0,2,0,2,1,2,1,2,1,2,1
2025-04-28T12:53:33.312581,2,0,2,0,2,0,2,0,2,0,2,0,3,0,3,0,3,0,3,0
2025-04-28T12:53:48.455519,2,0,2,0,2,0,2,0,2,0,2,0,3,0,3,0,3,0,3,0
2025-04-28T12:54:03.595853,2,0,2,0,2,0,0,2,1,1,0,2,3,0,3,0,3,0,3,0
2025-04-28T12:54:18.760552,2,0,2,0,2,0,2,0,2,0,2,0,3,0,3,0,3,0,3,0
2025-04-28T12:54:33.904692,2,0,2,0,2,0,2,0,2,0,2,0,3,0,3,0,3,0,3,0
2025-04-28T12:54:49.071648,2,0,2,0,2,0,3,0,3,0,3,0,3,0,3,0,3,0,3,0
2025-04-28T12:55:04.228976,2,0,2,0,2,0,3,0,3,0,3,0,3,0,2,0,2,0,2,0
2025-04-28T12:55:19.372647,1,1,1,1,1,1,3,0,3,0,3,0,3,0,2,0,2,0,2,0
2025-04-28T12:55:34.546968,2,0,2,0,2,0,3,0,3,0,3,0,3,0,2,0,2,0,2,0
2025-04-28T12:55:49.687694,2,0,2,0,2,0,3,0,3,0,3,0,3,0,2,0,2,0,2,0
2025-04-28T12:56:04.855570,2,0,2,0,2,0,3,0,3,0,3,0,3,0,2,0,2,0,2,0
2025-04-28T12:56:19.999743,2,0,2,0,2,0,3,0,3,0,3,0,3,0,2,0,2,0,2,0
2025-04-28T12:56:35.153000,2,0,2,0,2,0,3,0,3,0,3,0,3,0,2,0,2,0,2,0
2025-04-28T12:56:50.294350,3,0,3,0,3,0,3,0,3,0,3,0,3,0,2,0,2,0,2,0
2025-04-28T12:57:05.454149,3,0,3,0,3,0,2,0,2,0,2,0,2,0,2,0,2,0,2,0
2025-04-28T12:57:20.620282,3,0,3,0,3,0,1,1,1,1,1,1,2,0,2,0,2,0,2,0
2025-04-28T12:57:35.767953,3,0,3,0,3,0,2,0,2,0,2,0,2,0,2,0,2,0,2,0
2025-04-28T12:57:50.942830,3,0,3,0,3,0,2,0,2,0,2,0,2,0,2,0,2,0,2,0
2025-04-28T12:58:06.088651,3,0,3,0,3,0,2,0,2,0,2,0,2,0,2,0,2,0,2,0
2025-04-28T12:58:21.252068,3,0,3,0,3,0,1,1,1,1,1,1,2,0,2,0,2,0,2,0
2025-04-28T12:58:36.389571,3,0,3,0,3,0,2,0,2,0,2,0,2,0,2,0,2,0,2,0
2025-04-28T12:58:51.553635,3,0,3,0,3,0,3,0,3,0,3,0,2,0,2,0,2,0,2,0
2025-04-28T12:59:06.710745,2,0,2,0,2,0,3,0,3,0,3,0,2,0,2,0,2,0,2,0
2025-04-28T12:59:21.845667,1,1,1,1,1,1,2,1,2,1,2,1,2,0,2,0,2,0,2,0
2025-04-28T12:59:37.019627,2,0,2,0,2,0,3,0,3,0,3,0,2,0,2,0,2,0,2,0
2025-04-28T12:59:52.154821,2,0,2,0,2,0,3,0,3,0,3,0,2,0,2,0,2,0,2,0
2025-04-28T13:00:07.321056,2,0,2,0,2,0,2,1,2,1,2,1,2,0,2,0,2,0,2,0
2025-04-28T13:00:22.458151,2,0,2,0,2,0,3,0,3,0,3,0,2,0,2,0,2,0,2,0
2025-04-28T13:00:37.593783,2,0,2,0,2,0,3,0,3,0,3,0,2,0,2,0,2,0,2,0
2025-04-28T13:00:52.731748,3,0,3,0,3,0,3,0,3,0,3,0,2,0,2,0,2,0,2,0
2025-04-28T13:01:07.881065,3,0,3,0,3,0,3,0,1,1,1,1,1,1,2,0,2,0,2,0
2025-04-28T13:01:23.064615,3,0,3,0,3,0,3,0,2,0,2,0,2,0,2,0,2,0,2,0
2025-04-28T13:01:38.222688,3,0,3,0,3,0,3,0,2,0,2,0,2,0,2,0,2,0,2,0
2025-04-28T13:01:53.404925,3,0,3,0,3,0,3,0,2,0,2,0,2,0,2,0,2,0,2,0
2025-04-28T13:02:08.569788,3,0,3,0,3,0,3,0,2,0,2,0,2,0,2,0,2,0,2,0
2025-04-28T13:02:23.741707,2,1,2,1,2,1,2,1,2,0,2,0,2,0,2,0,2,0,2,0
2025-04-28T13:02:38.894618,3,0,3,0,3,0,3,0,2,0,2,0,2,0,2,0,2,0,2,0
2025-04-28T13:02:54.064592,3,0,3,0,3,0,3,0,2,0,2,0,2,0,2,0,2,0,2,0
2025-04-28T13:03:09.206795,3,0,3,0,3,0,3,0,2,0,2,0,2,0,2,0,2,0,2,0
2025-04-28T13:03:24.351023,3,0,3,0,3,0,3,0,2,0,2,0,2,0,2,0,2,0,2,0
2025-04-28T13:03:39.517117,3,0,3,0,3,0,3,0,2,0,2,0,2,0,2,0,2,0,2,0
2025-04-28T13:03:54.665932,3,0,3,0,3,0,3,0,2,0,2,0,2,0,2,0,2,0,2,0
2025-04-28T13:04:09.833131,3,0,3,0,3,0,3,0,1,1,1,1,1,1,2,0,2,0,2,0
2025-04-28T13:04:24.988137,2,1,2,1,2,1,2,1,1,1,1,1,0,2,1,1,1,1,1,1
2025-04-28T13:04:40.130703,3,0,3,0,3,0,3,0,2,0,2,0,2,0,2,0,2,0,2,0
2025-04-28T13:04:55.274778,2,0,2,0,2,0,2,0,3,0,3,0,3,0,2,0,2,0,2,0
2025-04-28T13:05:10.413745,1,1,1,1,1,1,1,1,2,1,2,1,2,1,1,1,1,1,1,1
2025-04-28T13:05:25.579654,2,0,2,0,2,0,2,0,3,0,3,0,3,0,2,0,2,0,2,0
2025-04-28T13:05:40.713116,2,0,2,0,2,0,2,0,3,0,3,0,3,0,2,0,2,0,2,0
2025-04-28T13:05:55.880918,2,0,2,0,2,0,2,0,3,0,3,0,3,0,2,0,2,0,2,0
2025-04-28T13:06:11.022761,2,0,2,0,2,0,2,0,2,1,2,1,2,1,2,0,2,0,2,0
2025-04-28T13:06:26.162792,2,0,2,0,2,0,2,0,3,0,3,0,3,0,2,0,2,0,2,0
2025-04-28T13:06:41.305480,2,0,2,0,2,0,2,0,3,0,3,0,3,0,2,0,2,0,2,0
2025-04-28T13:06:56.467907,2,0,2,0,2,0,2,0,3,0,3,0,3,0,2,0,2,0,2,0
2025-04-28T13:07:11.613689,2,0,2,0,2,0,2,0,3,0,3,0,3,0,2,0,2,0,2,0
2025-04-28T13:07:26.753485,2,0,2,0,2,0,2,0,3,0,3,0,3,0,2,0,2,0,2,0
2025-04-28T13:07:41.920635,2,0,2,0,2,0,2,0,3,0,3,0,3,0,2,0,2,0,2,0
2025-04-28T13:07:57.065647,2,0,2,0,2,0,2,0,3,0,3,0,3,0,2,0,2,0,2,0
2025-04-28T13:08:12.231160,2,0,2,0,2,0,2,0,3,0,3,0,3,0,2,0,2,0,2,0
2025-04-28T13:08:27.373648,1,1,1,1,1,1,1,1,3,0,3,0,3,0,1,1,1,1,1,1
2025-04-28T13:08:42.519866,2,0,2,0,2,0,2,0,3,0,3,0,3,0,2,0,2,0,2,0
2025-04-28T13:08:57.660379,2,0,2,0,2,0,2,0,2,0,2,0,3,0,3,0,3,0,3,0
2025-04-28T13:09:12.800690,2,0,2,0,2,0,1,1,1,1,1,1,3,0,3,0,3,0,3,0
2025-04-28T13:09:27.975867,1,1,1,1,1,1,1,1,1,1,1,1,2,1,2,1,2,1,2,1
2025-04-28T13:09:43.117487,2,0,2,0,2,0,2,0,2,0,2,0,3,0,3,0,3,0,3,0
2025-04-28T13:09:58.612692,2,0,2,0,2,0,2,0,2,0,2,0,3,0,3,0,3,0,3,0
2025-04-28T13:10:13.752969,2,0,2,0,2,0,2,0,2,0,2,0,3,0,3,0,3,0,3,0
2025-04-28T13:10:28.925439,2,0,2,0,2,0,2,0,2,0,2,0,3,0,3,0,3,0,3,0
2025-04-28T13:10:44.076585,2,0,2,0,2,0,2,0,2,0,2,0,3,0,3,0,3,0,3,0
2025-04-28T13:10:59.227899,2,0,2,0,2,0,3,0,3,0,3,0,2,0,2,0,2,0,2,0
2025-04-28T13:11:14.372419,2,0,2,0,2,0,3,0,3,0,3,0,2,0,2,0,2,0,2,0
2025-04-28T13:11:29.509387,2,0,2,0,2,0,3,0,3,0,3,0,2,0,2,0,2,0,2,0
2025-04-28T13:11:44.671839,2,0,2,0,2,0,3,0,3,0,3,0,2,0,2,0,2,0,2,0
2025-04-28T13:11:59.816635,2,0,2,0,2,0,3,0,3,0,3,0,2,0,2,0,2,0,2,0
2025-04-28T13:12:14.960643,2,0,2,0,2,0,3,0,3,0,3,0,2,0,2,0,2,0,2,0
2025-04-28T13:12:30.096759,2,0,2,0,2,0,3,0,3,0,3,0,2,0,2,0,2,0,2,0
2025-04-28T13:12:45.256248,2,0,2,0,2,0,3,0,3,0,3,0,2,0,2,0,2,0,2,0
2025-04-28T13:13:00.410635,3,0,3,0,3,0,3,0,2,0,2,0,2,0,2,0,2,0,2,0
2025-04-28T13:13:15.582749,3,0,3,0,3,0,3,0,2,0,2,0,2,0,2,0,2,0,2,0
2025-04-28T13:13:30.727644,2,1,2,1,2,1,2,1,2,0,2,0,2,0,2,0,2,0,2,0
2025-04-28T13:13:45.874342,3,0,3,0,3,0,3,0,2,0,2,0,2,0,2,0,2,0,2,0
2025-04-28T13:14:01.048772,3,0,3,0,3,0,3,0,2,0,2,0,2,0,2,0,2,0,2,0
2025-04-28T13:14:16.190761,3,0,3,0,3,0,3,0,2,0,2,0,2,0,2,0,2,0,2,0
2025-04-28T13:14:31.363657,3,0,3,0,3,0,3,0,1,1,1,1,1,1,2,0,2,0,2,0
2025-04-28T13:14:46.504848,3,0,3,0,3,0,3,0,2,0,2,0,2,0,2,0,2,0,2,0
2025-04-28T13:15:01.654923,2,0,2,0,2,0,2,0,3,0,3,0,3,0,2,0,2,0,2,0
2025-04-28T13:15:16.794221,2,0,2,0,2,0,2,0,3,0,3,0,3,0,2,0,2,0,2,0
2025-04-28T13:15:31.936303,2,0,2,0,2,0,2,0,3,0,3,0,3,0,1,1,1,1,1,1
2025-04-28T13:15:47.071660,2,0,2,0,2,0,2,0,3,0,3,0,3,0,2,0,2,0,2,0
2025-04-28T13:16:02.225625,2,0,2,0,2,0,2,0,3,0,3,0,3,0,2,0,2,0,2,0
2025-04-28T13:16:17.371161,2,0,2,0,2,0,2,0,3,0,3,0,3,0,2,0,2,0,2,0
2025-04-28T13:16:32.513110,2,0,2,0,2,0,2,0,3,0,3,0,3,0,2,0,2,0,2,0
2025-04-28T13:16:47.679805,2,0,2,0,2,0,2,0,3,0,3,0,3,0,2,0,2,0,2,0
2025-04-28T13:17:02.821350,2,0,2,0,2,0,2,0,2,0,2,0,3,0,3,0,3,0,3,0
2025-04-28T13:17:18.001601,2,0,2,0,2,0,2,0,2,0,2,0,3,0,3,0,3,0,3,0
2025-04-28T13:17:33.143851,2,0,2,0,2,0,2,0,2,0,2,0,3,0,3,0,3,0,3,0
2025-04-28T13:17:48.284440,2,0,2,0,2,0,2,0,2,0,2,0,3,0,3,0,3,0,3,0
2025-04-28T13:18:03.457228,2,0,2,0,2,0,2,0,2,0,2,0,3,0,3,0,3,0,3,0
2025-04-28T13:18:18.602948,2,0,2,0,2,0,2,0,2,0,2,0,3,0,3,0,3,0,3,0
2025-04-28T13:18:33.778666,2,0,2,0,2,0,2,0,2,0,2,0,3,0,3,0,3,0,3,0
2025-04-28T13:18:48.928428,2,0,2,0,2,0,2,0,2,0,2,0,3,0,3,0,3,0,3,0
2025-04-28T13:19:04.120683,3,0,3,0,3,0,2,0,2,0,2,0,2,0,2,0,2,0,2,0
2025-04-28T13:19:19.255710,3,0,3,0,3,0,2,0,2,0,2,0,2,0,2,0,2,0,2,0
2025-04-28T13:19:34.389601,3,0,3,0,3,0,2,0,2,0,2,0,2,0,2,0,2,0,2,0
2025-04-28T13:19:49.522930,3,0,3,0,3,0,2,0,2,0,2,0,2,0,2,0,2,0,2,0
2025-04-28T13:20:04.657478,3,0,3,0,3,0,2,0,2,0,2,0,2,0,2,0,2,0,2,0
2025-04-28T13:20:19.794985,3,0,3,0,3,0,2,0,2,0,2,0,2,0,2,0,2,0,2,0
2025-04-28T13:20:34.936735,3,0,3,0,3,0,2,0,2,0,2,0,2,0,2,0,2,0,2,0
2025-04-28T13:20:50.094650,3,0,3,0,3,0,2,1,2,1,2,1,1,1,2,0,2,0,2,0
2025-04-28T13:21:05.284510,2,0,2,0,2,0,3,0,3,0,3,0,2,0,2,0,2,0,2,0
2025-04-28T13:21:20.450198,2,0,2,0,2,0,3,0,3,0,3,0,2,0,2,0,2,0,2,0
2025-04-28T13:21:35.596203,2,0,2,0,2,0,3,0,3,0,3,0,2,0,2,0,2,0,2,0
2025-04-28T13:21:50.734280,2,0,2,0,2,0,3,0,3,0,3,0,2,0,2,0,2,0,2,0
2025-04-28T13:22:05.912694,2,0,2,0,2,0,3,0,3,0,3,0,2,0,2,0,2,0,2,0
2025-04-28T13:22:21.060383,2,0,2,0,2,0,3,0,3,0,3,0,2,0,2,0,2,0,2,0
2025-04-28T13:22:36.203097,1,1,1,1,1,1,3,0,3,0,3,0,2,0,2,0,2,0,2,0
2025-04-28T13:22:51.342681,3,0,3,0,3,0,3,0,3,0,3,0,2,0,2,0,2,0,2,0
2025-04-28T13:23:06.532833,3,0,3,0,3,0,2,0,2,0,2,0,2,0,2,0,2,0,2,0
2025-04-28T13:23:21.681937,3,0,3,0,3,0,2,0,2,0,2,0,2,0,2,0,2,0,2,0
2025-04-28T13:23:36.850759,2,1,2,1,2,1,2,0,2,0,2,0,2,0,2,0,2,0,2,0
2025-04-28T13:23:51.984626,3,0,3,0,3,0,2,0,2,0,2,0,2,0,2,0,2,0,2,0
2025-04-28T13:24:07.120689,3,0,3,0,3,0,2,0,2,0,2,0,2,0,2,0,2,0,2,0
2025-04-28T13:24:22.254944,3,0,3,0,3,0,2,0,2,0,2,0,2,0,2,0,2,0,2,0
2025-04-28T13:24:37.388001,3,0,3,0,3,0,1,1,1,1,1,1,2,0,2,0,2,0,2,0
2025-04-28T13:24:52.552397,3,0,3,0,3,0,2,0,2,0,2,0,2,0,2,0,2,0,2,0
2025-04-28T13:25:07.684915,3,0,3,0,3,0,2,0,2,0,2,0,2,0,2,0,2,0,2,0
2025-04-28T13:25:22.859533,3,0,3,0,3,0,2,0,2,0,2,0,2,0,2,0,2,0,2,0
2025-04-28T13:25:37.999557,3,0,3,0,3,0,2,0,2,0,2,0,2,0,2,0,2,0,2,0
2025-04-28T13:25:53.158732,3,0,3,0,3,0,2,0,2,0,2,0,1,1,1,1,1,1,1,1
2025-04-28T13:26:08.302657,3,0,3,0,3,0,2,0,2,0,2,0,2,0,2,0,2,0,2,0
2025-04-28T13:26:23.473778,3,0,3,0,3,0,2,0,2,0,2,0,2,0,2,0,2,0,2,0
2025-04-28T13:26:38.619811,3,0,3,0,3,0,2,0,2,0,2,0,2,0,2,0,2,0,2,0
2025-04-28T13:26:53.755430,3,0,3,0,3,0,3,0,3,0,3,0,3,0,2,0,2,0,2,0
2025-04-28T13:27:08.937686,2,0,2,0,2,0,3,0,3,0,3,0,3,0,2,0,2,0,2,0
2025-04-28T13:27:24.084703,2,0,2,0,2,0,3,0,3,0,3,0,3,0,2,0,2,0,2,0
2025-04-28T13:27:39.258269,2,0,2,0,2,0,3,0,3,0,3,0,3,0,2,0,2,0,2,0
2025-04-28T13:27:54.393731,2,0,2,0,2,0,3,0,3,0,3,0,3,0,1,1,1,1,1,1
2025-04-28T13:28:09.537953,2,0,2,0,2,0,3,0,3,0,3,0,3,0,2,0,2,0,2,0
2025-04-28T13:28:24.677168,2,0,2,0,2,0,3,0,3,0,3,0,3,0,2,0,2,0,2,0
2025-04-28T13:28:39.825165,2,0,2,0,2,0,3,0,3,0,3,0,3,0,2,0,2,0,2,0
2025-04-28T13:28:54.990205,3,0,2,1,3,0,2,1,3,0,3,0,3,0,2,0,2,0,2,0
2025-04-28T13:29:10.149437,3,0,3,0,3,0,3,0,2,0,2,0,2,0,2,0,2,0,2,0
2025-04-28T13:29:25.349640,3,0,3,0,3,0,3,0,2,0,2,0,2,0,2,0,2,0,2,0
2025-04-28T13:29:40.498681,3,0,3,0,3,0,3,0,2,0,2,0,2,0,2,0,2,0,2,0
2025-04-28T13:29:55.639946,3,0,3,0,3,0,3,0,2,0,2,0,2,0,2,0,2,0,2,0
2025-04-28T13:30:10.828228,3,0,3,0,3,0,3,0,2,0,2,0,2,0,2,0,2,0,2,0
2025-04-28T13:30:25.979731,3,0,3,0,3,0,3,0,2,0,2,0,2,0,2,0,2,0,2,0
2025-04-28T13:30:41.146110,3,0,3,0,3,0,3,0,1,1,1,1,1,1,2,0,2,0,2,0
2025-04-28T13:30:56.288646,3,0,3,0,3,0,2,1,2,1,2,1,2,1,1,0,1,0,1,0
2025-04-28T13:31:11.442445,3,0,3,0,3,0,3,0,3,0,3,0,3,0,1,0,1,0,1,0
2025-04-28T13:31:26.588676,3,0,3,0,3,0,3,0,3,0,3,0,3,0,1,0,1,0,1,0
2025-04-28T13:31:41.727949,3,0,3,0,3,0,3,0,3,0,3,0,3,0,1,0,1,0,1,0
2025-04-28T13:31:56.899780,3,0,3,0,3,0,3,0,3,0,3,0,3,0,1,0,1,0,1,0
2025-04-28T13:32:12.045834,3,0,3,0,3,0,3,0,3,0,3,0,3,0,1,0,1,0,1,0
2025-04-28T13:32:27.225678,3,0,3,0,3,0,3,0,3,0,3,0,3,0,1,0,1,0,1,0
2025-04-28T13:32:42.366599,3,0,3,0,3,0,3,0,3,0,3,0,3,0,1,0,1,0,1,0
2025-04-28T13:32:57.526779,2,0,2,0,2,0,2,0,2,1,2,1,2,1,2,0,2,0,2,0
2025-04-28T13:33:12.666942,2,0,2,0,2,0,2,0,3,0,3,0,3,0,2,0,2,0,2,0
2025-04-28T13:33:27.837701,2,0,2,0,2,0,2,0,3,0,3,0,3,0,2,0,2,0,2,0
2025-04-28T13:33:42.975712,2,0,2,0,2,0,2,0,3,0,3,0,3,0,2,0,2,0,2,0
2025-04-28T13:33:58.111403,2,0,2,0,2,0,2,0,3,0,3,0,3,0,2,0,2,0,2,0
2025-04-28T13:34:13.276664,2,0,2,0,2,0,2,0,3,0,3,0,3,0,2,0,2,0,2,0
2025-04-28T13:34:28.418610,2,0,2,0,2,0,2,0,3,0,3,0,3,0,2,0,2,0,2,0
2025-04-28T13:34:43.598880,2,0,2,0,2,0,2,0,3,0,3,0,3,0,2,0,2,0,2,0
2025-04-28T13:34:58.741586,2,0,2,0,2,0,3,0,3,0,3,0,2,0,2,0,2,0,2,0
2025-04-28T13:35:13.892087,2,0,2,0,2,0,3,0,3,0,3,0,2,0,2,0,2,0,2,0
2025-04-28T13:35:29.139910,2,0,2,0,2,0,3,0,3,0,3,0,2,0,2,0,2,0,2,0
2025-04-28T13:35:44.280371,2,0,2,0,2,0,3,0,3,0,3,0,2,0,2,0,2,0,2,0
2025-04-28T13:35:59.445406,2,0,2,0,2,0,2,1,2,1,2,1,2,0,2,0,2,0,2,0
2025-04-28T13:36:14.576762,2,0,2,0,2,0,3,0,3,0,3,0,2,0,2,0,2,0,2,0
2025-04-28T13:36:29.742957,2,0,2,0,2,0,3,0,3,0,3,0,2,0,2,0,2,0,2,0
2025-04-28T13:36:44.889923,2,0,2,0,2,0,3,0,3,0,3,0,2,0,2,0,2,0,2,0
2025-04-28T13:37:00.055671,2,0,2,0,2,0,2,1,2,1,2,1,1,1,1,1,1,1,1,1
2025-04-28T13:37:15.193416,2,0,2,0,2,0,3,0,3,0,3,0,2,0,2,0,2,0,2,0
2025-04-28T13:37:30.330686,2,0,2,0,2,0,3,0,3,0,3,0,2,0,2,0,2,0,2,0
2025-04-28T13:37:45.486642,2,0,2,0,2,0,3,0,3,0,3,0,2,0,2,0,2,0,2,0
2025-04-28T13:38:00.626591,2,0,2,0,2,0,3,0,3,0,3,0,2,0,2,0,2,0,2,0
2025-04-28T13:38:15.783632,1,1,1,1,1,1,3,0,3,0,3,0,2,0,2,0,2,0,2,0
2025-04-28T13:38:30.925188,2,0,2,0,2,0,3,0,3,0,3,0,2,0,2,0,2,0,2,0
2025-04-28T13:38:46.068634,2,0,2,0,2,0,3,0,3,0,3,0,2,0,2,0,2,0,2,0
2025-04-28T13:39:01.205999,2,0,2,0,2,0,2,0,2,0,2,0,3,0,3,0,3,0,3,0
2025-04-28T13:39:16.362789,2,0,2,0,2,0,2,0,2,0,2,0,3,0,3,0,3,0,3,0
2025-04-28T13:39:31.506905,2,0,2,0,2,0,2,0,2,0,2,0,3,0,3,0,3,0,3,0
2025-04-28T13:39:46.685163,2,0,2,0,2,0,2,0,2,0,2,0,3,0,3,0,3,0,3,0
2025-04-28T13:40:01.836644,2,0,2,0,2,0,2,0,2,0,2,0,2,1,2,1,2,1,2,1
2025-04-28T13:40:16.977637,1,1,1,1,1,1,2,0,2,0,2,0,2,1,2,1,2,1,2,1
2025-04-28T13:40:32.154650,2,0,2,0,2,0,2,0,2,0,2,0,3,0,3,0,3,0,3,0
2025-04-28T13:40:47.307787,2,0,2,0,2,0,2,0,2,0,2,0,3,0,3,0,3,0,3,0
2025-04-28T13:41:02.481670,2,0,2,0,2,0,2,0,2,0,2,0,2,0,3,0,3,0,3,0
2025-04-28T13:41:17.616631,2,0,2,0,2,0,2,0,2,0,2,0,2,0,2,1,2,1,2,1
2025-04-28T13:41:32.763715,2,0,2,0,2,0,2,0,2,0,2,0,2,0,3,0,3,0,3,0
2025-04-28T13:41:47.907479,2,0,2,0,2,0,2,0,2,0,2,0,2,0,3,0,3,0,3,0
2025-04-28T13:42:03.063608,2,0,2,0,2,0,2,0,2,0,2,0,2,0,3,0,3,0,3,0
2025-04-28T13:42:18.235689,2,0,2,0,2,0,2,0,2,0,2,0,2,0,2,1,2,1,2,1
2025-04-28T13:42:33.390231,2,0,2,0,2,0,2,0,2,0,2,0,2,0,3,0,3,0,3,0
2025-04-28T13:42:48.553690,2,0,2,0,2,0,2,0,2,0,2,0,2,0,3,0,3,0,3,0
2025-04-28T13:43:03.696643,1,0,1,0,1,0,1,0,3,0,3,0,3,0,3,0,3,0,3,0
2025-04-28T13:43:18.852639,1,0,1,0,1,0,1,0,3,0,3,0,3,0,3,0,3,0,3,0
2025-04-28T13:43:33.985252,1,0,1,0,1,0,1,0,3,0,3,0,3,0,3,0,3,0,3,0
2025-04-28T13:43:49.142666,1,0,1,0,1,0,1,0,3,0,3,0,3,0,3,0,3,0,3,0
2025-04-28T13:44:04.269584,1,0,1,0,1,0,1,0,3,0,3,0,3,0,2,1,2,1,2,1
2025-04-28T13:44:19.403568,0,1,0,1,0,1,0,1,3,0,3,0,3,0,3,0,3,0,3,0
2025-04-28T13:44:34.550159,1,0,1,0,1,0,1,0,3,0,3,0,3,0,3,0,3,0,3,0
2025-04-28T13:44:49.719910,1,0,1,0,1,0,1,0,3,0,3,0,3,0,3,0,3,0,3,0
2025-04-28T13:45:04.862642,2,0,2,0,2,0,2,0,1,2,1,2,1,2,2,0,2,0,2,0
2025-04-28T13:45:20.014026,1,1,1,1,1,1,1,1,3,0,3,0,3,0,2,0,2,0,2,0
2025-04-28T13:45:35.185513,2,0,2,0,2,0,2,0,3,0,3,0,3,0,2,0,2,0,2,0
2025-04-28T13:45:50.325153,2,0,2,0,2,0,2,0,3,0,3,0,3,0,2,0,2,0,2,0
2025-04-28T13:46:05.490233,2,0,2,0,2,0,2,0,2,1,2,1,2,1,2,0,2,0,2,0
2025-04-28T13:46:20.634534,2,0,2,0,2,0,2,0,3,0,3,0,3,0,2,0,2,0,2,0
2025-04-28T13:46:35.774410,2,0,2,0,2,0,2,0,3,0,3,0,3,0,2,0,2,0,2,0
2025-04-28T13:46:50.913746,2,0,2,0,2,0,2,0,3,0,3,0,3,0,2,0,2,0,2,0
2025-04-28T13:47:06.079432,2,0,2,0,2,0,3,0,3,0,3,0,2,0,2,0,2,0,2,0
2025-04-28T13:47:21.217654,2,0,2,0,2,0,3,0,3,0,3,0,2,0,2,0,2,0,2,0
2025-04-28T13:47:36.353666,2,0,2,0,2,0,3,0,3,0,3,0,2,0,2,0,2,0,2,0
2025-04-28T13:47:51.492545,2,0,2,0,2,0,3,0,3,0,3,0,2,0,2,0,2,0,2,0
2025-04-28T13:48:06.631637,2,0,2,0,2,0,3,0,3,0,3,0,2,0,2,0,2,0,2,0
2025-04-28T13:48:21.791934,1,1,1,1,1,1,3,0,3,0,3,0,1,1,1,1,1,1,1,1
2025-04-28T13:48:36.932140,2,0,2,0,2,0,3,0,3,0,3,0,2,0,2,0,2,0,2,0
2025-04-28T13:48:52.107931,2,0,2,0,2,0,3,0,3,0,3,0,3,0,2,0,2,0,2,0
2025-04-28T13:49:07.256913,1,1,1,1,1,1,3,0,3,0,3,0,3,0,1,1,1,1,1,1
2025-04-28T13:49:22.396485,2,0,2,0,2,0,3,0,3,0,3,0,3,0,2,0,2,0,2,0
2025-04-28T13:49:37.586260,2,0,2,0,2,0,3,0,3,0,3,0,3,0,2,0,2,0,2,0
2025-04-28T13:49:52.734139,2,0,2,0,2,0,3,0,3,0,3,0,3,0,2,0,2,0,2,0
2025-04-28T13:50:07.881898,2,0,2,0,2,0,3,0,3,0,3,0,3,0,2,0,2,0,2,0
2025-04-28T13:50:23.026978,2,0,2,0,2,0,3,0,3,0,3,0,3,0,2,0,2,0,2,0
2025-04-28T13:50:38.199960,2,0,2,0,2,0,3,0,3,0,3,0,3,0,2,0,2,0,2,0
2025-04-28T13:50:53.338680,3,0,3,0,3,0,3,0,3,0,3,0,3,0,2,0,2,0,2,0
2025-04-28T13:51:08.540650,3,0,3,0,3,0,2,0,2,0,2,0,2,0,2,0,2,0,2,0
2025-04-28T13:51:23.678744,3,0,3,0,3,0,2,0,2,0,2,0,2,0,2,0,2,0,2,0
2025-04-28T13:51:38.823535,3,0,3,0,3,0,2,0,2,0,2,0,2,0,2,0,2,0,2,0
2025-04-28T13:51:53.967006,3,0,3,0,3,0,2,0,2,0,2,0,2,0,2,0,2,0,2,0
2025-04-28T13:52:09.112690,3,0,3,0,3,0,2,0,2,0,2,0,2,0,2,0,2,0,2,0
2025-04-28T13:52:24.276770,3,0,3,0,3,0,2,0,2,0,2,0,2,0,2,0,2,0,2,0
2025-04-28T13:52:39.413904,3,0,3,0,3,0,2,0,2,0,2,0,2,0,2,0,2,0,2,0
2025-04-28T13:52:54.584690,3,0,3,0,3,0,2,0,2,0,2,0,3,0,3,0,3,0,3,0
2025-04-28T13:53:09.735473,2,0,2,0,2,0,2,0,2,0,2,0,3,0,3,0,3,0,3,0
2025-04-28T13:53:24.889123,2,0,2,0,2,0,2,0,2,0,2,0,3,0,3,0,3,0,3,0
2025-04-28T13:53:40.055262,2,0,2,0,2,0,2,0,2,0,2,0,3,0,3,0,3,0,3,0
2025-04-28T13:53:55.201952,2,0,2,0,2,0,2,0,2,0,2,0,3,0,3,0,3,0,3,0
2025-04-28T13:54:10.383742,1,1,1,1,1,1,2,0,2,0,2,0,3,0,3,0,3,0,3,0
2025-04-28T13:54:25.535321,2,0,2,0,2,0,2,0,2,0,2,0,3,0,3,0,3,0,3,0
2025-04-28T13:54:40.686648,2,0,2,0,2,0,2,0,2,0,2,0,3,0,3,0,3,0,3,0
2025-04-28T13:54:55.831650,3,0,3,0,3,0,2,0,2,0,2,0,3,0,3,0,3,0,3,0
2025-04-28T13:55:11.020731,3,0,3,0,3,0,1,0,1,0,1,0,3,0,3,0,3,0,3,0
2025-04-28T13:55:26.195658,3,0,3,0,3,0,1,0,1,0,1,0,3,0,3,0,3,0,3,0
2025-04-28T13:55:41.343825,3,0,3,0,3,0,1,0,1,0,1,0,3,0,3,0,3,0,3,0
2025-04-28T13:55:56.495850,3,0,3,0,3,0,1,0,1,0,1,0,3,0,3,0,3,0,3,0
2025-04-28T13:56:11.653770,3,0,3,0,3,0,1,0,1,0,1,0,3,0,3,0,3,0,3,0
2025-04-28T13:56:26.823743,3,0,3,0,3,0,1,0,1,0,1,0,3,0,3,0,3,0,3,0
2025-04-28T13:56:41.966639,3,0,3,0,3,0,1,0,1,0,1,0,3,0,3,0,3,0,3,0
2025-04-28T13:56:57.132126,3,0,3,0,3,0,2,0,2,0,2,0,3,0,3,0,3,0,3,0
2025-04-28T13:57:12.311224,2,0,2,0,2,0,2,0,2,0,2,0,3,0,3,0,3,0,3,0
2025-04-28T13:57:27.456974,2,0,2,0,2,0,2,0,2,0,2,0,3,0,3,0,3,0,3,0
2025-04-28T13:57:42.627740,2,0,2,0,2,0,2,0,2,0,2,0,3,0,3,0,3,0,3,0
2025-04-28T13:57:57.885415,2,0,2,0,2,0,2,0,2,0,2,0,3,0,3,0,3,0,3,0
2025-04-28T13:58:13.058078,2,0,2,0,2,0,2,0,2,0,2,0,3,0,3,0,3,0,3,0
2025-04-28T13:58:28.202318,2,0,2,0,2,0,1,1,1,1,1,1,3,0,3,0,3,0,3,0
2025-04-28T13:58:43.341768,2,0,2,0,2,0,2,0,2,0,2,0,3,0,3,0,3,0,3,0
2025-04-28T13:58:58.512193,3,0,3,0,3,0,3,0,2,0,2,0,2,0,2,0,2,0,2,0
2025-04-28T13:59:13.655642,3,0,3,0,3,0,3,0,2,0,2,0,2,0,2,0,2,0,2,0
2025-04-28T13:59:28.834022,3,0,3,0,3,0,3,0,2,0,2,0,2,0,2,0,2,0,2,0
2025-04-28T13:59:43.972639,3,0,3,0,3,0,3,0,2,0,2,0,2,0,2,0,2,0,2,0
2025-04-28T13:59:59.125234,3,0,3,0,3,0,3,0,2,0,2,0,2,0,2,0,2,0,2,0
2025-04-28T14:00:14.264341,3,0,3,0,3,0,3,0,2,0,2,0,2,0,2,0,2,0,2,0
2025-04-28T14:00:29.407789,3,0,3,0,3,0,3,0,2,0,2,0,2,0,2,0,2,0,2,0
2025-04-28T14:00:44.573361,3,0,3,0,3,0,3,0,1,1,1,1,1,1,2,0,2,0,2,0
2025-04-28T14:00:59.717698,2,0,2,0,2,0,3,0,3,0,3,0,3,0,2,0,2,0,2,0
2025-04-28T14:01:14.905113,2,0,2,0,2,0,3,0,3,0,3,0,3,0,2,0,2,0,2,0
2025-04-28T14:01:30.048763,2,0,2,0,2,0,3,0,3,0,3,0,3,0,2,0,2,0,2,0
2025-04-28T14:01:45.188691,2,0,2,0,2,0,2,1,2,1,2,1,2,1,2,0,2,0,2,0
2025-04-28T14:02:00.365742,2,0,2,0,2,0,3,0,3,0,3,0,3,0,2,0,2,0,2,0
2025-04-28T14:02:15.513772,2,0,2,0,2,0,3,0,3,0,3,0,3,0,2,0,2,0,2,0
2025-04-28T14:02:30.655137,2,0,2,0,2,0,2,1,2,1,2,1,2,1,2,0,2,0,2,0
2025-04-28T14:02:45.797689,2,0,2,0,2,0,3,0,3,0,3,0,3,0,2,0,2,0,2,0
2025-04-28T14:03:00.964230,2,0,2,0,2,0,3,0,3,0,3,0,2,0,2,0,2,0,2,0
2025-04-28T14:03:16.100044,2,0,2,0,2,0,3,0,3,0,3,0,2,0,2,0,2,0,2,0
2025-04-28T14:03:31.278819,2,0,2,0,2,0,3,0,3,0,3,0,2,0,2,0,2,0,2,0
2025-04-28T14:03:46.412743,1,1,1,1,1,1,3,0,3,0,3,0,2,0,2,0,2,0,2,0
2025-04-28T14:04:01.553824,2,0,2,0,2,0,3,0,3,0,3,0,2,0,2,0,2,0,2,0
2025-04-28T14:04:16.696076,2,0,2,0,2,0,3,0,3,0,3,0,2,0,2,0,2,0,2,0
2025-04-28T14:04:31.840673,2,0,2,0,2,0,3,0,3,0,3,0,1,1,1,1,1,1,1,1
2025-04-28T14:04:47.009690,2,0,2,0,2,0,2,1,2,1,2,1,2,0,2,0,2,0,2,0
2025-04-28T14:05:02.157725,3,0,3,0,3,0,2,0,2,0,2,0,2,0,2,0,2,0,2,0
2025-04-28T14:05:17.310972,3,0,3,0,3,0,2,0,2,0,2,0,2,0,2,0,2,0,2,0
2025-04-28T14:05:32.455301,2,1,2,1,2,1,2,0,2,0,2,0,2,0,2,0,2,0,2,0
2025-04-28T14:05:47.622105,3,0,3,0,3,0,2,0,2,0,2,0,2,0,2,0,2,0,2,0
2025-04-28T14:06:02.760821,3,0,3,0,3,0,2,0,2,0,2,0,2,0,2,0,2,0,2,0
2025-04-28T14:06:17.946806,3,0,3,0,3,0,2,0,2,0,2,0,2,0,2,0,2,0,2,0
2025-04-28T14:06:33.089874,3,0,3,0,3,0,2,0,2,0,2,0,1,1,1,1,1,1,1,1
2025-04-28T14:06:48.229740,2,1,2,1,2,1,1,1,1,1,1,1,2,0,2,0,2,0,2,0
2025-04-28T14:07:03.397642,3,0,3,0,3,0,2,0,2,0,2,0,2,0,2,0,2,0,2,0
2025-04-28T14:07:18.537930,3,0,3,0,3,0,2,0,2,0,2,0,2,0,2,0,2,0,2,0
2025-04-28T14:07:33.673689,3,0,3,0,3,0,2,0,2,0,2,0,2,0,2,0,2,0,2,0
2025-04-28T14:07:48.815174,3,0,3,0,3,0,2,0,2,0,2,0,2,0,2,0,2,0,2,0
2025-04-28T14:08:03.980229,3,0,3,0,3,0,2,0,2,0,2,0,2,0,2,0,2,0,2,0
2025-04-28T14:08:19.131159,3,0,3,0,3,0,2,0,2,0,2,0,2,0,2,0,2,0,2,0
2025-04-28T14:08:34.297458,3,0,3,0,3,0,1,1,1,1,1,1,2,0,2,0,2,0,2,0
2025-04-28T14:08:49.432678,3,0,3,0,3,0,2,0,2,0,2,0,1,1,1,1,1,1,1,1
2025-04-28T14:09:04.586635,2,0,2,0,2,0,2,0,3,0,3,0,3,0,2,0,2,0,2,0
2025-04-28T14:09:19.738169,2,0,2,0,2,0,2,0,3,0,3,0,3,0,2,0,2,0,2,0
2025-04-28T14:09:34.883236,2,0,2,0,2,0,2,0,3,0,3,0,3,0,2,0,2,0,2,0
2025-04-28T14:09:50.020130,2,0,2,0,2,0,2,0,3,0,3,0,3,0,2,0,2,0,2,0
2025-04-28T14:10:05.157026,2,0,2,0,2,0,2,0,3,0,3,0,3,0,2,0,2,0,2,0
2025-04-28T14:10:20.299679,2,0,2,0,2,0,2,0,3,0,3,0,3,0,2,0,2,0,2,0
2025-04-28T14:10:35.445444,0,2,0,2,0,2,1,1,3,0,3,0,3,0,1,1,1,1,1,1
2025-04-28T14:10:50.609668,2,0,2,0,2,0,2,0,3,0,3,0,3,0,2,0,2,0,2,0
2025-04-28T14:11:05.746722,3,0,3,0,3,0,2,0,2,0,2,0,2,0,2,0,2,0,2,0
2025-04-28T14:11:20.910234,3,0,3,0,3,0,2,0,2,0,2,0,2,0,2,0,2,0,2,0
2025-04-28T14:11:36.051261,3,0,3,0,3,0,1,1,1,1,1,1,1,1,2,0,2,0,2,0
2025-04-28T14:11:51.187638,3,0,3,0,3,0,2,0,2,0,2,0,2,0,2,0,2,0,2,0
2025-04-28T14:12:06.351639,3,0,3,0,3,0,2,0,2,0,2,0,2,0,2,0,2,0,2,0
2025-04-28T14:12:21.485640,3,0,3,0,3,0,2,0,2,0,2,0,2,0,2,0,2,0,2,0
2025-04-28T14:12:36.623484,3,0,3,0,3,0,2,0,2,0,2,0,2,0,1,1,1,1,1,1
2025-04-28T14:12:51.757942,3,0,3,0,3,0,1,1,1,1,1,1,1,1,2,0,2,0,2,0
2025-04-28T14:13:06.932669,2,0,2,0,2,0,2,0,3,0,3,0,3,0,2,0,2,0,2,0
2025-04-28T14:13:22.072682,2,0,2,0,2,0,2,0,3,0,3,0,3,0,2,0,2,0,2,0
2025-04-28T14:13:37.244633,2,0,2,0,2,0,2,0,3,0,3,0,3,0,2,0,2,0,2,0
2025-04-28T14:13:52.379663,1,1,1,1,1,1,1,1,3,0,3,0,3,0,1,1,1,1,1,1
2025-04-28T14:14:07.531016,2,0,2,0,2,0,2,0,3,0,3,0,3,0,2,0,2,0,2,0
2025-04-28T14:14:22.675852,2,0,2,0,2,0,2,0,3,0,3,0,3,0,2,0,2,0,2,0
2025-04-28T14:14:37.826011,2,0,2,0,2,0,2,0,3,0,3,0,3,0,2,0,2,0,2,0
2025-04-28T14:14:52.992862,2,0,2,0,2,0,2,0,3,0,3,0,3,0,2,0,2,0,2,0
2025-04-28T14:15:08.144807,3,0,3,0,3,0,2,0,2,0,2,0,2,0,2,0,2,0,2,0
2025-04-28T14:15:23.294650,3,0,3,0,3,0,2,0,2,0,2,0,2,0,2,0,2,0,2,0
2025-04-28T14:15:38.435168,3,0,3,0,3,0,2,0,2,0,2,0,1,1,1,1,1,1,1,1
2025-04-28T14:15:53.608822,3,0,3,0,3,0,2,0,2,0,2,0,2,0,2,0,2,0,2,0
2025-04-28T14:16:08.748664,3,0,3,0,3,0,2,0,2,0,2,0,2,0,2,0,2,0,2,0
2025-04-28T14:16:23.915568,3,0,3,0,3,0,2,0,2,0,2,0,2,0,2,0,2,0,2,0
2025-04-28T14:16:39.055453,3,0,3,0,3,0,2,0,2,0,2,0,2,0,2,0,2,0,2,0
2025-04-28T14:16:54.191535,3,0,3,0,3,0,2,0,2,0,2,0,3,0,3,0,3,0,3,0
2025-04-28T14:17:09.391948,2,0,2,0,2,0,2,0,2,0,2,0,3,0,3,0,3,0,3,0
2025-04-28T14:17:24.535812,2,0,2,0,2,0,2,0,2,0,2,0,3,0,3,0,3,0,3,0
2025-04-28T14:17:39.706921,2,0,2,0,2,0,2,0,2,0,2,0,3,0,3,0,3,0,3,0
2025-04-28T14:17:54.848091,2,0,2,0,2,0,2,0,2,0,2,0,2,1,2,1,2,1,2,1
2025-04-28T14:18:09.998957,2,0,2,0,2,0,2,0,2,0,2,0,3,0,3,0,3,0,3,0
2025-04-28T14:18:25.145852,2,0,2,0,2,0,2,0,2,0,2,0,3,0,3,0,3,0,3,0
2025-04-28T14:18:40.325247,2,0,2,0,2,0,2,0,2,0,2,0,3,0,3,0,3,0,3,0
2025-04-28T14:18:55.468640,2,0,2,0,2,0,2,0,2,0,2,0,3,0,3,0,3,0,3,0
2025-04-28T14:19:10.615534,2,0,2,0,2,0,2,0,2,0,2,0,2,0,3,0,3,0,3,0
2025-04-28T14:19:25.755014,2,0,2,0,2,0,2,0,2,0,2,0,2,0,3,0,3,0,3,0
2025-04-28T14:19:40.896660,2,0,2,0,2,0,2,0,2,0,2,0,2,0,3,0,3,0,3,0
2025-04-28T14:19:56.064595,2,0,2,0,2,0,2,0,2,0,2,0,2,0,3,0,3,0,3,0
2025-04-28T14:20:11.211929,2,0,2,0,2,0,2,0,2,0,2,0,2,0,3,0,3,0,3,0
2025-04-28T14:20:26.374662,2,0,2,0,2,0,2,0,2,0,2,0,2,0,3,0,3,0,3,0
2025-04-28T14:20:41.506175,2,0,2,0,2,0,1,1,1,1,1,1,1,1,3,0,3,0,3,0
2025-04-28T14:20:56.645600,2,0,2,0,2,0,2,1,2,1,2,1,1,1,3,0,3,0,3,0
2025-04-28T14:21:11.832694,2,0,2,0,2,0,3,0,3,0,3,0,2,0,2,0,2,0,2,0
2025-04-28T14:21:26.975213,2,0,2,0,2,0,3,0,3,0,3,0,2,0,2,0,2,0,2,0
2025-04-28T14:21:42.115046,2,0,2,0,2,0,3,0,3,0,3,0,2,0,2,0,2,0,2,0
2025-04-28T14:21:57.257684,2,0,2,0,2,0,3,0,3,0,3,0,2,0,2,0,2,0,2,0
2025-04-28T14:22:12.428717,2,0,2,0,2,0,3,0,3,0,3,0,2,0,2,0,2,0,2,0
2025-04-28T14:22:27.578032,2,0,2,0,2,0,3,0,3,0,3,0,2,0,2,0,2,0,2,0
2025-04-28T15:18:47.541357,2,0,2,0,2,0,3,0,3,0,3,0,2,0,2,0,2,0,2,0
