timestamp,adservice_running,adservice_paused,cartservice_running,cartservice_paused,checkoutservice_running,checkoutservice_paused,currencyservice_running,currencyservice_paused,emailservice_running,emailservice_paused,paymentservice_running,paymentservice_paused,frontend_running,frontend_paused,productcatalogservice_running,productcatalogservice_paused,recommendationservice_running,recommendationservice_paused,shippingservice_running,shippingservice_paused,optimize_flag,pause_flag
2025-05-03T12:41:44.680071,3,0,3,0,3,0,3,0,3,0,3,0,3,0,3,0,3,0,3,0,0,0
2025-05-03T12:42:04.944739,3,0,3,0,3,0,3,0,3,0,3,0,3,0,3,0,3,0,3,0,0,0
2025-05-03T12:42:25.174398,3,0,3,0,3,0,3,0,3,0,3,0,3,0,3,0,3,0,3,0,0,0
2025-05-03T12:42:45.366095,3,0,3,0,3,0,3,0,2,0,2,0,2,0,3,0,3,0,3,0,0,0
2025-05-03T12:43:05.536134,3,0,3,0,3,0,3,0,3,0,3,0,3,0,3,0,3,0,3,0,0,0
2025-05-03T12:43:25.773816,3,0,3,0,3,0,3,0,3,0,3,0,3,0,3,0,3,0,3,0,0,0
2025-05-03T12:43:45.945665,3,0,3,0,3,0,3,0,3,0,3,0,3,0,3,0,3,0,3,0,0,0
2025-05-03T12:44:06.195124,3,0,3,0,3,0,3,0,3,0,3,0,3,0,3,0,3,0,3,0,0,0
2025-05-03T12:44:26.372053,3,0,3,0,3,0,3,0,3,0,3,0,3,0,3,0,3,0,3,0,0,0
2025-05-03T12:44:46.642984,3,0,3,0,3,0,3,0,3,0,3,0,3,0,3,0,3,0,3,0,0,0
2025-05-03T12:45:06.856443,3,0,3,0,3,0,3,0,3,0,3,0,3,0,3,0,3,0,3,0,0,0
2025-05-03T12:45:27.057481,3,0,3,0,3,0,3,0,3,0,3,0,3,0,3,0,3,0,3,0,0,0
2025-05-03T12:45:47.279680,3,0,3,0,3,0,3,0,3,0,3,0,3,0,3,0,3,0,3,0,0,0
2025-05-03T12:46:07.503996,3,0,3,0,3,0,3,0,3,0,3,0,3,0,3,0,3,0,3,0,0,0
2025-05-03T12:46:27.674732,3,0,3,0,3,0,3,0,3,0,3,0,3,0,3,0,3,0,3,0,0,0
2025-05-03T12:46:47.868078,2,0,2,0,2,0,2,0,3,0,3,0,3,0,3,0,3,0,3,0,0,0
2025-05-03T12:47:08.029754,3,0,3,0,3,0,3,0,3,0,3,0,3,0,3,0,3,0,3,0,0,0
2025-05-03T12:47:28.268636,3,0,3,0,3,0,3,0,3,0,3,0,3,0,3,0,3,0,3,0,0,0
2025-05-03T12:47:48.464725,3,0,3,0,3,0,3,0,3,0,3,0,3,0,3,0,3,0,3,0,0,0
2025-05-03T12:48:08.646522,3,0,3,0,3,0,3,0,3,0,3,0,3,0,3,0,3,0,3,0,0,0
2025-05-03T12:48:28.874048,3,0,3,0,3,0,3,0,3,0,3,0,3,0,3,0,3,0,3,0,0,0
2025-05-03T12:48:49.167443,3,0,3,0,3,0,3,0,3,0,3,0,3,0,3,0,3,0,3,0,0,0
2025-05-03T12:49:09.390052,3,0,3,0,3,0,3,0,3,0,3,0,3,0,3,0,3,0,3,0,0,0
2025-05-03T12:49:29.574426,2,0,2,0,2,0,2,0,3,0,3,0,3,0,3,0,3,0,3,0,0,0
2025-05-03T12:49:49.729534,4,0,4,0,4,0,3,0,3,0,3,0,3,0,3,0,3,0,3,0,0,0
2025-05-03T12:50:09.985012,3,0,3,0,3,0,3,0,3,0,3,0,3,0,3,0,3,0,3,0,0,0
2025-05-03T12:50:30.161013,3,0,2,0,3,0,4,0,3,0,3,0,3,0,3,0,3,0,3,0,0,0
2025-05-03T12:50:50.459659,2,0,1,0,2,0,3,0,3,0,3,0,3,0,3,0,3,0,3,0,0,0
2025-05-03T12:51:10.627554,1,0,3,0,2,0,3,0,3,0,3,0,3,0,3,0,3,0,3,0,0,0
2025-05-03T12:51:30.852778,1,0,3,0,2,0,3,0,3,0,3,0,3,0,3,0,3,0,3,0,0,0
2025-05-03T12:51:51.015312,3,0,3,0,3,0,3,0,3,0,3,0,3,0,3,0,3,0,3,0,0,0
2025-05-03T12:52:11.224695,3,0,3,0,3,0,3,0,3,0,3,0,3,0,3,0,3,0,3,0,0,0
2025-05-03T12:52:31.449044,3,0,3,0,3,0,3,0,3,0,3,0,3,0,3,0,3,0,3,0,0,0
2025-05-03T12:52:51.631290,3,0,3,0,3,0,3,0,3,0,3,0,3,0,3,0,3,0,3,0,0,0
2025-05-03T12:53:11.804054,3,0,3,0,3,0,3,0,3,0,3,0,3,0,2,0,1,0,2,0,0,0
2025-05-03T12:53:31.961891,3,0,3,0,3,0,3,0,3,0,3,0,3,0,2,0,1,0,2,0,0,0
2025-05-03T12:53:52.189665,3,0,3,0,3,0,3,0,3,0,3,0,3,0,3,0,3,0,3,0,0,0
2025-05-03T12:54:12.429144,3,0,3,0,3,0,3,0,3,0,3,0,3,0,3,0,3,0,3,0,0,0
2025-05-03T12:54:32.608706,2,0,2,0,2,0,2,0,2,0,2,0,2,0,3,0,3,0,3,0,0,0
2025-05-03T12:54:52.749682,2,0,2,0,2,0,2,0,2,0,2,0,2,0,3,0,3,0,3,0,0,0
2025-05-03T12:55:12.932952,3,0,3,0,3,0,3,0,3,0,3,0,3,0,2,0,2,0,2,0,0,0
2025-05-03T12:55:33.174878,3,0,3,0,3,0,3,0,3,0,3,0,3,0,2,0,2,0,2,0,0,0
2025-05-03T12:55:53.344608,3,0,3,0,3,0,3,0,3,0,3,0,3,0,3,0,3,0,3,0,0,0
2025-05-03T12:56:13.542766,3,0,3,0,3,0,3,0,3,0,3,0,3,0,3,0,3,0,3,0,0,0
2025-05-03T12:56:33.712231,3,0,3,0,3,0,3,0,3,0,3,0,3,0,3,0,3,0,3,0,0,0
2025-05-03T12:56:53.930066,3,0,3,0,3,0,3,0,3,0,3,0,3,0,3,0,3,0,3,0,0,0
2025-05-03T12:57:14.114183,3,0,3,0,3,0,3,0,3,0,3,0,3,0,2,0,2,0,2,0,0,0
2025-05-03T12:57:34.268391,3,0,3,0,3,0,3,0,3,0,3,0,3,0,2,0,2,0,2,0,0,0
2025-05-03T12:57:54.475667,3,0,3,0,3,0,3,0,3,0,3,0,3,0,3,0,3,0,3,0,0,0
2025-05-03T12:58:14.668900,3,0,3,0,3,0,3,0,3,0,3,0,3,0,3,0,3,0,3,0,0,0
2025-05-03T12:58:34.902676,3,0,3,0,3,0,3,0,2,0,2,0,2,0,2,0,2,0,2,0,0,0
2025-05-03T12:58:55.045679,3,0,3,0,3,0,3,0,2,0,2,0,2,0,2,0,2,0,2,0,0,0
2025-05-03T12:59:15.187991,3,0,3,0,3,0,3,0,3,0,3,0,3,0,3,0,3,0,3,0,0,0
2025-05-03T12:59:35.421574,3,0,3,0,3,0,3,0,3,0,3,0,3,0,3,0,3,0,3,0,0,0
2025-05-03T12:59:55.599953,3,0,3,0,3,0,3,0,3,0,3,0,3,0,3,0,3,0,3,0,0,0
2025-05-03T13:00:15.777696,3,0,3,0,3,0,3,0,3,0,3,0,3,0,3,0,3,0,3,0,0,0
2025-05-03T13:00:35.995319,3,0,3,0,3,0,3,0,3,0,3,0,3,0,3,0,3,0,3,0,0,0
2025-05-03T13:00:56.173660,3,0,3,0,3,0,3,0,3,0,3,0,3,0,3,0,3,0,3,0,0,0
2025-05-03T13:01:16.400393,3,0,3,0,3,0,3,0,3,0,3,0,3,0,3,0,3,0,3,0,0,0
2025-05-03T13:01:36.576361,3,0,3,0,3,0,3,0,3,0,3,0,3,0,3,0,3,0,3,0,0,0
2025-05-03T13:01:56.759951,3,0,3,0,3,0,3,0,3,0,3,0,3,0,3,0,3,0,3,0,0,0
2025-05-03T13:02:16.976640,3,0,3,0,3,0,3,0,3,0,3,0,3,0,3,0,3,0,3,0,0,0
2025-05-03T13:02:37.164214,2,0,2,0,2,0,2,0,3,0,3,0,3,0,3,0,3,0,3,0,0,0
2025-05-03T13:02:57.347952,2,0,2,0,2,0,2,0,3,0,3,0,3,0,3,0,3,0,3,0,0,0
2025-05-03T13:03:17.506848,3,0,3,0,3,0,3,0,3,0,3,0,3,0,3,0,3,0,3,0,0,0
2025-05-03T13:03:37.699058,3,0,3,0,3,0,3,0,3,0,3,0,3,0,3,0,3,0,3,0,0,0
2025-05-03T13:03:57.941065,3,0,3,0,3,0,3,0,3,0,3,0,3,0,3,0,3,0,3,0,0,0
2025-05-03T13:04:18.124927,3,0,3,0,3,0,3,0,3,0,3,0,3,0,3,0,3,0,3,0,0,0
2025-05-03T13:04:38.359716,2,0,2,0,2,0,2,0,3,0,3,0,3,0,3,0,3,0,3,0,0,0
2025-05-03T13:04:58.537664,2,0,2,0,2,0,2,0,3,0,3,0,3,0,3,0,3,0,3,0,0,0
2025-05-03T13:05:18.689149,3,0,3,0,3,0,3,0,3,0,3,0,3,0,3,0,3,0,3,0,0,0
2025-05-03T13:05:38.917711,3,0,3,0,3,0,3,0,3,0,3,0,3,0,3,0,3,0,3,0,0,0
2025-05-03T13:05:59.097216,3,0,3,0,3,0,3,0,3,0,3,0,3,0,3,0,3,0,3,0,0,0
2025-05-03T13:06:19.319209,3,0,3,0,3,0,3,0,3,0,3,0,3,0,3,0,3,0,3,0,0,0
2025-05-03T13:06:39.510045,3,0,3,0,3,0,3,0,3,0,3,0,3,0,3,0,3,0,3,0,0,0
2025-05-03T13:06:59.692366,3,0,3,0,3,0,3,0,3,0,3,0,3,0,3,0,3,0,3,0,0,0
2025-05-03T13:07:19.920166,3,0,3,0,3,0,3,0,3,0,3,0,3,0,3,0,3,0,3,0,0,0
2025-05-03T13:07:40.102396,3,0,3,0,3,0,3,0,3,0,3,0,3,0,3,0,3,0,3,0,0,0
2025-05-03T13:08:00.358738,3,0,3,0,3,0,3,0,3,0,3,0,3,0,3,0,3,0,3,0,0,0
2025-05-03T13:08:20.545222,3,0,3,0,3,0,3,0,3,0,3,0,3,0,3,0,3,0,3,0,0,0
2025-05-03T13:08:40.713700,3,0,3,0,3,0,3,0,3,0,3,0,3,0,3,0,3,0,3,0,0,0
2025-05-03T13:09:00.939034,3,0,3,0,3,0,3,0,3,0,3,0,3,0,3,0,3,0,3,0,0,0
2025-05-03T13:09:21.122138,3,0,3,0,3,0,3,0,3,0,3,0,3,0,2,0,2,0,2,0,0,0
2025-05-03T13:09:41.321699,3,0,3,0,3,0,3,0,3,0,3,0,3,0,2,0,2,0,2,0,0,0
2025-05-03T13:10:01.475956,3,0,3,0,3,0,3,0,3,0,3,0,3,0,3,0,3,0,3,0,0,0
2025-05-03T13:10:21.652655,3,0,3,0,3,0,3,0,3,0,3,0,3,0,3,0,3,0,3,0,0,0
2025-05-03T13:10:41.869886,3,0,3,0,3,0,3,0,3,0,3,0,3,0,3,0,3,0,3,0,0,0
2025-05-03T13:11:02.039935,3,0,3,0,3,0,3,0,3,0,3,0,3,0,3,0,3,0,3,0,0,0
2025-05-03T13:11:22.258881,3,0,3,0,3,0,3,0,3,0,3,0,3,0,2,0,2,0,2,0,0,0
2025-05-03T13:11:42.418759,3,0,3,0,3,0,3,0,3,0,3,0,3,0,2,0,2,0,2,0,0,0
2025-05-03T13:12:02.591427,3,0,3,0,3,0,3,0,3,0,3,0,3,0,3,0,3,0,3,0,0,0
2025-05-03T13:12:22.802222,3,0,3,0,3,0,3,0,3,0,3,0,3,0,3,0,3,0,3,0,0,0
2025-05-03T13:12:42.989702,2,0,2,0,2,0,2,0,3,0,3,0,3,0,3,0,3,0,3,0,0,0
2025-05-03T13:13:03.154674,2,0,2,0,2,0,2,0,3,0,3,0,3,0,3,0,3,0,3,0,0,0
2025-05-03T13:13:23.368672,2,0,3,0,2,0,3,0,3,0,3,0,3,0,3,0,3,0,3,0,0,0
2025-05-03T13:13:43.538152,2,0,3,0,2,0,3,0,3,0,3,0,3,0,3,0,3,0,3,0,0,0
2025-05-03T13:14:03.756685,3,0,3,0,3,0,3,0,3,0,3,0,3,0,3,0,3,0,3,0,0,0
2025-05-03T13:14:23.954391,3,0,3,0,3,0,3,0,3,0,3,0,3,0,3,0,3,0,3,0,0,0
2025-05-03T13:14:44.144945,3,0,3,0,3,0,3,0,3,0,3,0,3,0,3,0,3,0,3,0,0,0
2025-05-03T13:15:04.380381,3,0,3,0,3,0,3,0,3,0,3,0,3,0,3,0,3,0,3,0,0,0
2025-05-03T13:15:24.555654,2,0,2,0,2,0,2,0,3,0,3,0,3,0,3,0,3,0,3,0,0,0
2025-05-03T13:15:44.770089,2,0,2,0,2,0,2,0,3,0,3,0,3,0,3,0,3,0,3,0,0,0
2025-05-03T13:16:04.957669,3,0,3,0,3,0,3,0,3,0,3,0,3,0,3,0,3,0,3,0,0,0
2025-05-03T13:16:25.138960,3,0,3,0,3,0,3,0,3,0,3,0,3,0,3,0,3,0,3,0,0,0
2025-05-03T13:16:45.368898,3,0,3,0,3,0,3,0,3,0,3,0,3,0,3,0,3,0,3,0,0,0
2025-05-03T13:17:05.557694,3,0,3,0,3,0,3,0,3,0,3,0,3,0,3,0,3,0,3,0,0,0
2025-05-03T13:17:25.782504,3,0,3,0,3,0,3,0,3,0,3,0,3,0,2,0,2,0,2,0,0,0
2025-05-03T13:17:45.949257,3,0,3,0,3,0,3,0,3,0,3,0,3,0,2,0,2,0,2,0,0,0
2025-05-03T13:18:06.289742,3,0,3,0,3,0,3,0,3,0,3,0,3,0,3,0,3,0,3,0,0,0
2025-05-03T13:18:26.502336,3,0,3,0,3,0,3,0,3,0,3,0,3,0,3,0,3,0,3,0,0,0
2025-05-03T13:18:46.712783,3,0,3,0,3,0,3,0,3,0,3,0,3,0,3,0,3,0,3,0,0,0
2025-05-03T13:19:06.955031,3,0,3,0,3,0,3,0,3,0,3,0,3,0,3,0,3,0,3,0,0,0
2025-05-03T13:19:27.144621,2,0,2,0,2,0,2,0,3,0,3,0,3,0,2,0,2,0,2,0,0,0
2025-05-03T13:19:47.276665,2,0,2,0,2,0,2,0,3,0,3,0,3,0,2,0,2,0,2,0,0,0
2025-05-03T13:20:07.506691,3,0,3,0,3,0,3,0,3,0,3,0,3,0,3,0,3,0,3,0,0,0
2025-05-03T13:20:27.679659,3,0,3,0,3,0,3,0,3,0,3,0,3,0,3,0,3,0,3,0,0,0
2025-05-03T13:20:47.907653,3,0,3,0,3,0,3,0,3,0,3,0,3,0,3,0,3,0,3,0,0,0
2025-05-03T13:21:08.078855,3,0,3,0,3,0,3,0,3,0,3,0,3,0,3,0,3,0,3,0,0,0
2025-05-03T13:21:28.276579,3,0,3,0,3,0,3,0,3,0,3,0,3,0,3,0,3,0,3,0,0,0
2025-05-03T13:21:48.488181,3,0,3,0,3,0,3,0,3,0,3,0,3,0,3,0,3,0,3,0,0,0
2025-05-03T13:22:08.687912,3,0,3,0,3,0,3,0,3,0,3,0,3,0,3,0,3,0,3,0,0,0
2025-05-03T13:22:28.905214,3,0,3,0,3,0,3,0,3,0,3,0,3,0,3,0,3,0,3,0,0,0
2025-05-03T13:22:49.091688,3,0,3,0,3,0,3,0,3,0,3,0,3,0,3,0,3,0,3,0,0,0
2025-05-03T13:23:09.265973,3,0,3,0,3,0,3,0,3,0,3,0,3,0,3,0,3,0,3,0,0,0
2025-05-03T13:23:29.628403,3,0,3,0,3,0,3,0,3,0,3,0,3,0,3,0,3,0,3,0,0,0
2025-05-03T13:23:49.804686,3,0,3,0,3,0,3,0,3,0,3,0,3,0,3,0,3,0,3,0,0,0
2025-05-03T13:24:10.016665,3,0,3,0,3,0,3,0,3,0,3,0,3,0,3,0,3,0,3,0,0,0
2025-05-03T13:24:30.181982,3,0,3,0,3,0,3,0,3,0,3,0,3,0,3,0,3,0,3,0,0,0
2025-05-03T13:24:50.377751,3,0,3,0,3,0,3,0,3,0,3,0,3,0,3,0,3,0,3,0,0,0
2025-05-03T13:25:10.682806,3,0,3,0,3,0,3,0,3,0,3,0,3,0,3,0,3,0,3,0,0,0
2025-05-03T13:25:30.841830,1,0,1,0,1,0,1,0,3,0,3,0,3,0,3,0,3,0,3,0,0,0
2025-05-03T13:25:51.013704,3,0,3,0,3,0,3,0,3,0,3,0,3,0,3,0,3,0,3,0,0,0
2025-05-03T13:26:11.192510,3,0,3,0,3,0,3,0,3,0,3,0,3,0,3,0,3,0,3,0,0,0
2025-05-03T13:26:31.374660,3,0,3,0,3,0,3,0,3,0,3,0,3,0,3,0,3,0,3,0,0,0
2025-05-03T13:26:51.577847,2,0,2,0,2,0,2,0,3,0,3,0,3,0,3,0,3,0,3,0,0,0
2025-05-03T13:27:11.733929,2,0,2,0,2,0,2,0,3,0,3,0,3,0,3,0,3,0,3,0,0,0
2025-05-03T13:27:31.894935,2,0,2,0,2,0,2,0,3,0,3,0,3,0,3,0,3,0,3,0,0,0
2025-05-03T13:27:52.097086,3,0,3,0,3,0,3,0,3,0,3,0,3,0,3,0,3,0,3,0,0,0
2025-05-03T13:28:12.294235,3,0,3,0,3,0,3,0,3,0,3,0,3,0,3,0,3,0,3,0,0,0
2025-05-03T13:28:32.531774,3,0,3,0,3,0,3,0,2,0,2,0,2,0,3,0,3,0,3,0,0,0
2025-05-03T13:28:52.703313,3,0,3,0,3,0,3,0,2,0,2,0,2,0,3,0,3,0,3,0,0,0
2025-05-03T13:29:12.873279,3,0,3,0,3,0,3,0,3,0,3,0,3,0,2,0,2,0,2,0,0,0
2025-05-03T13:29:33.076669,3,0,3,0,3,0,3,0,3,0,3,0,3,0,2,0,2,0,2,0,0,0
2025-05-03T13:29:53.252720,3,0,3,0,3,0,3,0,3,0,3,0,3,0,3,0,3,0,3,0,0,0
2025-05-03T13:30:13.480096,3,0,3,0,3,0,3,0,3,0,3,0,3,0,3,0,3,0,3,0,0,0
2025-05-03T13:30:33.651380,3,0,3,0,3,0,3,0,3,0,3,0,3,0,2,0,2,0,2,0,0,0
2025-05-03T13:30:53.913694,3,0,3,0,3,0,3,0,3,0,3,0,3,0,2,0,2,0,2,0,0,0
2025-05-03T13:31:14.127947,3,0,3,0,3,0,3,0,3,0,3,0,3,0,2,0,2,0,2,0,0,0
2025-05-03T13:31:34.291714,3,0,3,0,3,0,3,0,3,0,3,0,3,0,2,0,2,0,2,0,0,0
2025-05-03T13:31:54.465692,3,0,3,0,3,0,3,0,3,0,3,0,3,0,3,0,3,0,3,0,0,0
2025-05-03T13:32:14.692775,3,0,3,0,3,0,3,0,3,0,3,0,3,0,3,0,3,0,3,0,0,0
2025-05-03T13:32:34.867508,3,0,3,0,3,0,3,0,2,0,2,0,2,0,3,0,3,0,3,0,0,0
2025-05-03T13:32:55.075806,3,0,3,0,3,0,3,0,2,0,2,0,2,0,3,0,3,0,3,0,0,0
2025-05-03T13:33:15.242666,3,0,3,0,3,0,3,0,3,0,3,0,3,0,3,0,3,0,3,0,0,0
2025-05-03T13:33:35.410480,3,0,3,0,3,0,3,0,3,0,3,0,3,0,3,0,3,0,3,0,0,0
2025-05-03T13:33:55.636584,3,0,3,0,3,0,3,0,3,0,3,0,3,0,3,0,3,0,3,0,0,0
2025-05-03T13:34:15.810645,3,0,3,0,3,0,3,0,3,0,3,0,3,0,3,0,3,0,3,0,0,0
2025-05-03T13:34:36.051696,3,0,3,0,3,0,3,0,3,0,3,0,3,0,3,0,3,0,3,0,0,0
2025-05-03T13:34:56.229067,3,0,3,0,3,0,3,0,3,0,3,0,3,0,3,0,3,0,3,0,0,0
2025-05-03T13:35:16.409878,3,0,3,0,3,0,3,0,3,0,3,0,3,0,2,0,2,0,2,0,0,0
2025-05-03T13:35:36.640123,3,0,3,0,3,0,3,0,3,0,3,0,3,0,2,0,2,0,2,0,0,0
2025-05-03T13:35:56.814657,3,0,3,0,3,0,3,0,3,0,3,0,3,0,3,0,3,0,3,0,0,0
2025-05-03T13:36:16.993453,3,0,3,0,3,0,3,0,3,0,3,0,3,0,3,0,3,0,3,0,0,0
2025-05-03T13:36:37.236860,3,0,3,0,3,0,3,0,3,0,3,0,3,0,1,0,1,0,1,0,0,0
2025-05-03T13:36:57.395623,3,0,3,0,3,0,3,0,3,0,3,0,3,0,1,0,1,0,1,0,0,0
2025-05-03T13:37:17.602835,3,0,3,0,3,0,3,0,3,0,3,0,3,0,2,0,2,0,2,0,0,0
2025-05-03T13:37:37.769645,3,0,3,0,3,0,3,0,3,0,3,0,3,0,2,0,2,0,2,0,0,0
2025-05-03T13:37:57.943052,3,0,3,0,3,0,3,0,3,0,3,0,3,0,3,0,3,0,3,0,0,0
2025-05-03T13:38:18.325635,3,0,3,0,3,0,3,0,3,0,3,0,3,0,3,0,3,0,3,0,0,0
2025-05-03T13:38:38.511934,3,0,3,0,3,0,3,0,3,0,3,0,3,0,2,0,2,0,2,0,0,0
2025-05-03T13:38:58.667235,3,0,3,0,3,0,3,0,3,0,3,0,3,0,2,0,2,0,2,0,0,0
2025-05-03T13:39:18.869243,2,0,2,0,2,0,2,0,3,0,3,0,3,0,3,0,3,0,3,0,0,0
2025-05-03T13:39:39.035893,2,0,2,0,2,0,2,0,3,0,3,0,3,0,3,0,3,0,3,0,0,0
2025-05-03T13:39:59.256867,3,0,3,0,3,0,3,0,3,0,3,0,3,0,3,0,3,0,3,0,0,0
2025-05-03T13:40:19.434772,3,0,3,0,3,0,3,0,3,0,3,0,3,0,3,0,3,0,3,0,0,0
2025-05-03T13:40:39.624478,3,0,3,0,3,0,3,0,2,0,2,0,2,0,2,0,2,0,2,0,0,0
2025-05-03T13:40:59.830991,3,0,3,0,3,0,3,0,2,0,2,0,2,0,2,0,2,0,2,0,0,0
2025-05-03T13:41:19.986809,3,0,3,0,3,0,3,0,3,0,3,0,3,0,3,0,3,0,3,0,0,0
2025-05-03T13:41:40.175556,3,0,3,0,3,0,3,0,3,0,3,0,3,0,3,0,3,0,3,0,0,0
2025-05-03T13:42:00.407182,3,0,3,0,3,0,3,0,3,0,3,0,3,0,3,0,3,0,3,0,0,0
2025-05-03T13:42:20.579094,3,0,3,0,3,0,3,0,3,0,3,0,3,0,3,0,3,0,3,0,0,0
2025-05-03T13:42:40.782411,3,0,3,0,3,0,3,0,2,0,2,0,2,0,3,0,3,0,3,0,0,0
2025-05-03T13:43:00.924800,3,0,3,0,3,0,3,0,2,0,2,0,2,0,3,0,3,0,3,0,0,0
2025-05-03T13:43:21.071556,3,0,3,0,3,0,3,0,1,0,3,0,1,0,2,0,2,0,2,0,0,0
2025-05-03T13:43:41.242913,3,0,3,0,3,0,3,0,1,0,3,0,1,0,2,0,2,0,2,0,0,0
2025-05-03T13:44:01.379721,3,0,3,0,3,0,3,0,3,0,3,0,3,0,3,0,3,0,3,0,0,0
2025-05-03T13:44:21.547356,3,0,3,0,3,0,3,0,3,0,3,0,3,0,3,0,3,0,3,0,0,0
2025-05-03T13:44:41.747685,3,0,3,0,3,0,3,0,3,0,3,0,3,0,3,0,3,0,3,0,0,0
2025-05-03T13:45:01.911741,3,0,3,0,3,0,3,0,3,0,3,0,3,0,3,0,3,0,3,0,0,0
2025-05-03T13:45:22.117293,3,0,3,0,3,0,3,0,3,0,3,0,3,0,3,0,3,0,3,0,0,0
2025-05-03T13:45:42.283255,3,0,3,0,3,0,3,0,3,0,3,0,3,0,3,0,3,0,3,0,0,0
2025-05-03T13:46:02.455726,3,0,3,0,3,0,3,0,3,0,3,0,3,0,3,0,3,0,3,0,0,0
2025-05-03T13:46:22.654643,3,0,3,0,3,0,3,0,3,0,3,0,3,0,3,0,3,0,3,0,0,0
2025-05-03T13:46:42.823691,3,0,3,0,3,0,3,0,3,0,3,0,3,0,2,0,2,0,3,0,0,0
2025-05-03T13:47:03.016569,3,0,3,0,3,0,3,0,3,0,3,0,3,0,2,0,2,0,3,0,0,0
2025-05-03T13:47:23.168458,3,0,3,0,3,0,3,0,3,0,3,0,3,0,2,0,2,0,3,0,0,0
2025-05-03T13:47:43.321100,3,0,3,0,3,0,3,0,3,0,3,0,3,0,2,0,2,0,3,0,0,0
2025-05-03T13:48:03.516947,3,0,3,0,3,0,3,0,3,0,3,0,3,0,3,0,3,0,3,0,0,0
2025-05-03T13:48:23.677812,3,0,3,0,3,0,3,0,3,0,3,0,3,0,3,0,3,0,3,0,0,0
2025-05-03T13:48:43.881331,3,0,3,0,3,0,3,0,3,0,3,0,3,0,3,0,3,0,3,0,0,0
2025-05-03T13:49:04.048064,3,0,3,0,3,0,3,0,3,0,3,0,3,0,3,0,3,0,3,0,0,0
2025-05-03T13:49:24.218226,3,0,3,0,3,0,3,0,3,0,3,0,3,0,3,0,3,0,3,0,0,0
2025-05-03T13:49:44.406923,3,0,3,0,3,0,3,0,3,0,3,0,3,0,3,0,3,0,3,0,0,0
2025-05-03T13:50:04.564657,3,0,3,0,3,0,3,0,3,0,3,0,3,0,3,0,3,0,3,0,0,0
2025-05-03T13:50:24.764304,3,0,3,0,3,0,3,0,3,0,3,0,3,0,3,0,3,0,3,0,0,0
2025-05-03T13:50:44.942682,3,0,3,0,3,0,3,0,3,0,3,0,3,0,3,0,3,0,3,0,0,0
2025-05-03T13:51:05.093538,3,0,3,0,3,0,3,0,3,0,3,0,3,0,3,0,3,0,3,0,0,0
2025-05-03T13:51:25.290533,2,0,2,0,2,0,2,0,3,0,3,0,3,0,3,0,3,0,3,0,0,0
2025-05-03T13:51:45.438663,2,0,2,0,2,0,2,0,3,0,3,0,3,0,3,0,3,0,3,0,0,0
2025-05-03T13:52:05.626073,3,0,3,0,3,0,3,0,3,0,3,0,3,0,3,0,3,0,3,0,0,0
2025-05-03T13:52:25.785948,3,0,3,0,3,0,3,0,3,0,3,0,3,0,3,0,3,0,3,0,0,0
2025-05-03T13:52:45.951658,2,0,2,0,2,0,2,0,3,0,3,0,3,0,3,0,3,0,3,0,0,0
2025-05-03T13:53:06.135096,2,0,2,0,2,0,2,0,3,0,3,0,3,0,3,0,3,0,3,0,0,0
2025-05-03T13:53:26.290488,2,0,2,0,2,0,2,0,3,0,3,0,3,0,2,0,2,0,2,0,0,0
2025-05-03T13:53:46.419679,2,0,2,0,2,0,2,0,3,0,3,0,3,0,2,0,2,0,2,0,0,0
2025-05-03T13:54:06.592649,3,0,3,0,3,0,3,0,3,0,3,0,3,0,3,0,3,0,3,0,0,0
2025-05-03T13:54:26.754550,3,0,3,0,3,0,3,0,3,0,3,0,3,0,3,0,3,0,3,0,0,0
2025-05-03T13:54:46.969248,3,0,3,0,3,0,3,0,3,0,3,0,3,0,3,0,3,0,3,0,0,0
2025-05-03T13:55:07.127682,3,0,3,0,3,0,3,0,3,0,3,0,3,0,3,0,3,0,3,0,0,0
2025-05-03T13:55:27.288726,3,0,3,0,3,0,3,0,3,0,3,0,3,0,3,0,3,0,3,0,0,0
2025-05-03T13:55:47.482100,3,0,3,0,3,0,3,0,3,0,3,0,3,0,3,0,3,0,3,0,0,0
2025-05-03T13:56:07.653567,3,0,3,0,3,0,3,0,3,0,3,0,3,0,3,0,3,0,3,0,0,0
2025-05-03T13:56:27.857775,3,0,3,0,3,0,3,0,3,0,3,0,3,0,3,0,3,0,3,0,0,0
2025-05-03T13:56:48.023652,3,0,3,0,3,0,3,0,3,0,3,0,3,0,3,0,3,0,3,0,0,0
2025-05-03T13:57:08.177565,3,0,3,0,3,0,3,0,3,0,3,0,3,0,3,0,3,0,3,0,0,0
2025-05-03T13:57:28.375657,3,0,3,0,3,0,3,0,3,0,3,0,3,0,3,0,3,0,3,0,0,0
2025-05-03T13:57:48.537649,3,0,3,0,3,0,3,0,3,0,3,0,3,0,3,0,3,0,3,0,0,0
2025-05-03T13:58:08.747634,3,0,3,0,3,0,3,0,3,0,3,0,3,0,3,0,3,0,3,0,0,0
2025-05-03T13:58:28.907656,3,0,3,0,3,0,3,0,3,0,3,0,3,0,3,0,3,0,3,0,0,0
2025-05-03T13:58:49.070340,2,0,2,0,2,0,2,0,3,0,3,0,3,0,2,0,2,0,2,0,0,0
2025-05-03T13:59:09.235660,3,0,3,0,3,0,3,0,3,0,3,0,3,0,3,0,3,0,3,0,0,0
2025-05-03T13:59:29.402151,3,0,3,0,3,0,3,0,2,0,2,0,2,0,3,0,3,0,3,0,0,0
2025-05-03T13:59:49.544075,3,0,3,0,3,0,3,0,3,0,3,0,3,0,3,0,3,0,3,0,0,0
2025-05-03T14:00:09.747738,3,0,3,0,3,0,3,0,3,0,3,0,3,0,3,0,3,0,3,0,0,0
2025-05-03T14:00:29.924860,3,0,3,0,3,0,3,0,3,0,3,0,3,0,3,0,3,0,3,0,0,0
2025-05-03T14:00:50.127882,3,0,3,0,3,0,3,0,3,0,3,0,3,0,3,0,3,0,3,0,0,0
2025-05-03T14:01:10.286810,3,0,3,0,3,0,3,0,3,0,3,0,3,0,3,0,3,0,3,0,0,0
2025-05-03T14:01:30.447664,3,0,3,0,3,0,3,0,2,0,2,0,2,0,3,0,3,0,3,0,0,0
2025-05-03T14:01:50.620662,3,0,3,0,3,0,3,0,3,0,3,0,3,0,3,0,3,0,3,0,0,0
2025-05-03T14:02:10.793110,3,0,3,0,3,0,3,0,3,0,3,0,3,0,3,0,3,0,3,0,0,0
2025-05-03T14:02:30.987444,3,0,3,0,3,0,3,0,3,0,3,0,3,0,3,0,3,0,3,0,0,0
2025-05-03T14:02:51.150663,3,0,3,0,3,0,3,0,3,0,3,0,3,0,3,0,3,0,3,0,0,0
2025-05-03T14:03:11.308155,3,0,3,0,3,0,3,0,3,0,3,0,3,0,3,0,3,0,3,0,0,0
2025-05-03T14:03:31.511715,2,0,2,0,2,0,2,0,2,0,2,0,2,0,3,0,3,0,3,0,0,0
2025-05-03T14:03:51.644068,3,0,3,0,3,0,3,0,3,0,3,0,3,0,3,0,3,0,3,0,0,0
2025-05-03T14:04:11.859138,3,0,3,0,3,0,3,0,3,0,3,0,3,0,3,0,3,0,3,0,0,0
2025-05-03T14:04:32.022096,3,0,3,0,3,0,3,0,3,0,3,0,3,0,3,0,3,0,3,0,0,0
2025-05-03T14:04:52.181978,3,0,3,0,3,0,3,0,3,0,3,0,3,0,3,0,3,0,3,0,0,0
2025-05-03T14:05:12.372852,3,0,3,0,3,0,3,0,3,0,3,0,3,0,3,0,3,0,3,0,0,0
2025-05-03T14:05:32.534806,3,0,3,0,3,0,3,0,2,0,2,0,2,0,3,0,3,0,3,0,0,0
2025-05-03T14:05:52.721358,3,0,3,0,3,0,3,0,3,0,3,0,3,0,3,0,3,0,3,0,0,0
2025-05-03T14:06:12.879650,3,0,3,0,3,0,3,0,3,0,3,0,3,0,3,0,3,0,3,0,0,0
2025-05-03T14:06:33.036001,3,0,3,0,3,0,3,0,3,0,3,0,3,0,3,0,3,0,3,0,0,0
2025-05-03T14:06:53.245804,3,0,3,0,3,0,3,0,3,0,3,0,3,0,3,0,3,0,3,0,0,0
2025-05-03T14:07:13.415686,3,0,3,0,3,0,3,0,3,0,3,0,3,0,3,0,3,0,3,0,0,0
2025-05-03T14:07:33.614022,3,0,3,0,3,0,3,0,3,0,3,0,3,0,3,0,3,0,3,0,0,0
2025-05-03T14:07:53.771737,3,0,3,0,3,0,3,0,3,0,3,0,3,0,3,0,3,0,3,0,0,0
2025-05-03T14:08:13.948251,3,0,3,0,3,0,3,0,3,0,3,0,3,0,3,0,3,0,3,0,0,0
2025-05-03T14:08:34.144634,1,0,1,0,1,0,2,0,3,0,3,0,3,0,3,0,3,0,3,0,0,0
2025-05-03T14:08:54.270887,1,0,1,0,1,0,2,0,3,0,3,0,3,0,3,0,3,0,3,0,0,0
2025-05-03T14:09:14.400641,2,0,2,0,3,0,3,0,3,0,3,0,3,0,3,0,3,0,3,0,0,0
2025-05-03T14:09:34.581857,2,0,2,0,3,0,3,0,3,0,3,0,3,0,3,0,3,0,3,0,0,0
2025-05-03T14:09:54.730465,3,0,3,0,3,0,3,0,3,0,3,0,3,0,3,0,3,0,3,0,0,0
2025-05-03T14:10:14.929842,3,0,3,0,3,0,3,0,3,0,3,0,3,0,3,0,3,0,3,0,0,0
2025-05-03T14:10:35.089739,2,0,2,0,3,0,3,0,3,0,3,0,3,0,3,0,3,0,3,0,0,0
2025-05-03T14:10:55.250655,2,0,2,0,3,0,3,0,3,0,3,0,3,0,3,0,3,0,3,0,0,0
2025-05-03T14:11:15.439232,2,0,2,0,3,0,3,0,3,0,3,0,3,0,3,0,3,0,3,0,0,0
2025-05-03T14:11:35.586046,2,0,2,0,3,0,3,0,3,0,3,0,3,0,3,0,3,0,3,0,0,0
2025-05-03T14:11:55.779656,3,0,3,0,3,0,3,0,3,0,3,0,3,0,3,0,3,0,3,0,0,0
2025-05-03T14:12:15.949575,3,0,3,0,3,0,3,0,3,0,3,0,3,0,3,0,3,0,3,0,0,0
2025-05-03T14:12:36.115240,3,0,3,0,3,0,3,0,3,0,3,0,3,0,3,0,3,0,3,0,0,0
2025-05-03T14:12:56.307121,3,0,3,0,3,0,3,0,3,0,3,0,3,0,3,0,3,0,3,0,0,0
2025-05-03T14:13:16.465683,3,0,3,0,3,0,3,0,3,0,3,0,3,0,2,0,2,0,2,0,0,0
2025-05-03T14:13:36.658827,3,0,3,0,3,0,3,0,3,0,3,0,3,0,2,0,2,0,2,0,0,0
2025-05-03T14:13:56.804723,3,0,3,0,3,0,3,0,3,0,3,0,3,0,3,0,3,0,3,0,0,0
2025-05-03T14:14:16.964635,3,0,3,0,3,0,3,0,3,0,3,0,3,0,3,0,3,0,3,0,0,0
2025-05-03T14:14:37.163859,3,0,3,0,3,0,3,0,3,0,3,0,3,0,3,0,3,0,3,0,0,0
2025-05-03T14:14:57.324715,3,0,3,0,3,0,3,0,3,0,3,0,3,0,3,0,3,0,3,0,0,0
2025-05-03T14:15:17.536563,3,0,3,0,3,0,3,0,3,0,3,0,3,0,3,0,3,0,3,0,0,0
2025-05-03T14:15:37.700666,3,0,3,0,3,0,3,0,3,0,3,0,3,0,3,0,3,0,3,0,0,0
2025-05-03T14:15:57.861691,3,0,3,0,3,0,3,0,3,0,3,0,3,0,3,0,3,0,3,0,0,0
2025-05-03T14:16:18.065938,3,0,3,0,3,0,3,0,3,0,3,0,3,0,3,0,3,0,3,0,0,0
2025-05-03T14:16:38.235984,2,0,2,0,2,0,2,0,3,0,3,0,3,0,3,0,3,0,3,0,0,0
2025-05-03T14:16:58.379219,2,0,2,0,2,0,2,0,3,0,3,0,3,0,3,0,3,0,3,0,0,0
2025-05-03T14:17:18.558931,3,0,2,0,2,0,1,0,3,0,3,0,3,0,3,0,3,0,3,0,0,0
2025-05-03T14:17:38.706255,3,0,2,0,2,0,1,0,3,0,3,0,3,0,3,0,3,0,3,0,0,0
2025-05-03T14:17:58.893833,3,0,3,0,3,0,3,0,3,0,3,0,3,0,3,0,3,0,3,0,0,0
2025-05-03T14:18:19.054849,3,0,3,0,3,0,3,0,3,0,3,0,3,0,3,0,3,0,3,0,0,0
2025-05-03T14:18:39.212686,3,0,3,0,3,0,3,0,3,0,3,0,3,0,3,0,3,0,3,0,0,0
2025-05-03T14:18:59.407961,3,0,3,0,3,0,3,0,3,0,3,0,3,0,3,0,3,0,3,0,0,0
2025-05-03T14:19:19.577716,3,0,3,0,3,0,3,0,3,0,3,0,3,0,3,0,3,0,3,0,0,0
2025-05-03T14:19:39.776250,3,0,3,0,3,0,3,0,3,0,3,0,3,0,3,0,3,0,3,0,0,0
2025-05-03T14:19:59.941251,3,0,3,0,3,0,3,0,3,0,3,0,3,0,3,0,3,0,3,0,0,0
2025-05-03T14:20:20.108659,3,0,3,0,3,0,3,0,3,0,3,0,3,0,3,0,3,0,3,0,0,0
2025-05-03T14:20:40.311671,3,0,3,0,3,0,3,0,3,0,3,0,3,0,3,0,3,0,3,0,0,0
2025-05-03T14:21:00.466692,3,0,3,0,3,0,3,0,3,0,3,0,3,0,3,0,3,0,3,0,0,0
2025-05-03T14:21:20.661658,3,0,3,0,3,0,3,0,2,0,2,0,2,0,3,0,3,0,3,0,0,0
2025-05-03T14:21:40.810989,3,0,3,0,3,0,3,0,2,0,2,0,2,0,3,0,3,0,3,0,0,0
2025-05-03T14:22:00.963541,3,0,3,0,3,0,3,0,3,0,3,0,3,0,3,0,3,0,3,0,0,0
2025-05-03T14:22:21.160026,3,0,3,0,3,0,3,0,3,0,3,0,3,0,3,0,3,0,3,0,0,0
2025-05-03T14:22:41.318664,3,0,3,0,3,0,3,0,2,0,3,0,2,0,3,0,3,0,3,0,0,0
2025-05-03T14:23:01.510709,3,0,3,0,3,0,3,0,2,0,3,0,2,0,3,0,3,0,3,0,0,0
2025-05-03T14:23:21.672644,3,0,3,0,3,0,3,0,3,0,3,0,3,0,3,0,3,0,3,0,0,0
2025-05-03T14:23:41.832659,3,0,3,0,3,0,3,0,3,0,3,0,3,0,3,0,3,0,3,0,0,0
2025-05-03T14:24:02.031281,3,0,3,0,3,0,3,0,3,0,3,0,3,0,3,0,3,0,3,0,0,0
2025-05-03T14:24:22.204710,3,0,3,0,3,0,3,0,3,0,3,0,3,0,3,0,3,0,3,0,0,0
2025-05-03T14:24:42.409355,3,0,3,0,3,0,3,0,3,0,3,0,3,0,3,0,3,0,3,0,0,0
2025-05-03T14:25:02.567634,3,0,3,0,3,0,3,0,3,0,3,0,3,0,3,0,3,0,3,0,0,0
2025-05-03T14:25:22.722702,3,0,3,0,3,0,3,0,3,0,3,0,3,0,3,0,3,0,3,0,0,0
2025-05-03T14:25:42.923046,3,0,3,0,3,0,3,0,3,0,3,0,3,0,3,0,3,0,3,0,0,0
2025-05-03T14:26:03.081558,3,0,3,0,3,0,3,0,3,0,3,0,3,0,3,0,3,0,3,0,0,0
2025-05-03T14:26:23.281065,3,0,3,0,3,0,3,0,3,0,3,0,3,0,3,0,3,0,3,0,0,0
2025-05-03T14:26:43.449670,3,0,3,0,3,0,3,0,3,0,3,0,3,0,3,0,3,0,3,0,0,0
2025-05-03T14:27:03.615996,3,0,3,0,3,0,3,0,3,0,3,0,3,0,3,0,3,0,3,0,0,0
2025-05-03T14:27:23.823860,3,0,3,0,3,0,3,0,3,0,3,0,3,0,3,0,3,0,3,0,0,0
2025-05-03T14:27:43.986635,3,0,3,0,3,0,3,0,3,0,3,0,3,0,3,0,3,0,3,0,0,0
2025-05-03T14:28:04.185462,3,0,3,0,3,0,3,0,3,0,3,0,3,0,3,0,3,0,3,0,0,0
2025-05-03T14:28:24.352546,3,0,3,0,3,0,3,0,3,0,3,0,3,0,3,0,3,0,3,0,0,0
2025-05-03T14:28:44.515484,2,0,2,0,3,0,3,0,2,0,2,0,2,0,3,0,3,0,3,0,0,0
2025-05-03T14:29:04.681669,2,0,2,0,3,0,3,0,2,0,2,0,2,0,3,0,3,0,3,0,0,0
2025-05-03T14:29:24.816673,3,0,3,0,3,0,3,0,3,0,3,0,3,0,3,0,3,0,3,0,0,0
2025-05-03T14:29:45.028191,3,0,3,0,3,0,3,0,3,0,3,0,3,0,3,0,3,0,3,0,0,0
2025-05-03T14:30:05.197675,3,0,3,0,3,0,3,0,3,0,3,0,3,0,3,0,3,0,3,0,0,0
2025-05-03T14:30:25.366888,3,0,3,0,3,0,3,0,3,0,3,0,3,0,3,0,3,0,3,0,0,0
2025-05-03T14:30:45.562481,2,0,2,0,2,0,2,0,3,0,3,0,3,0,3,0,3,0,3,0,0,0
2025-05-03T14:31:05.715975,2,0,2,0,2,0,2,0,3,0,3,0,3,0,3,0,3,0,3,0,0,0
2025-05-03T14:31:25.899513,3,0,3,0,3,0,3,0,3,0,3,0,3,0,2,0,2,0,2,0,0,0
2025-05-03T14:31:46.044058,3,0,3,0,3,0,3,0,3,0,3,0,3,0,2,0,2,0,2,0,0,0
2025-05-03T14:32:06.199650,3,0,3,0,3,0,3,0,3,0,3,0,3,0,3,0,3,0,3,0,0,0
2025-05-03T14:32:26.398557,3,0,3,0,3,0,3,0,3,0,3,0,3,0,3,0,3,0,3,0,0,0
2025-05-03T14:32:46.565174,3,0,3,0,3,0,3,0,3,0,3,0,3,0,3,0,3,0,3,0,0,0
2025-05-03T14:33:06.778435,3,0,3,0,3,0,3,0,3,0,3,0,3,0,3,0,3,0,3,0,0,0
2025-05-03T14:33:26.950154,3,0,3,0,3,0,3,0,3,0,3,0,3,0,3,0,3,0,3,0,0,0
2025-05-03T14:33:47.119535,3,0,3,0,3,0,3,0,3,0,3,0,3,0,3,0,3,0,3,0,0,0
2025-05-03T14:34:07.322995,3,0,3,0,3,0,3,0,3,0,3,0,3,0,3,0,3,0,3,0,0,0
2025-05-03T14:34:27.477702,3,0,3,0,3,0,3,0,3,0,3,0,3,0,3,0,3,0,3,0,0,0
2025-05-03T14:34:47.680688,2,0,2,0,2,0,2,0,3,0,3,0,3,0,3,0,3,0,3,0,0,0
2025-05-03T14:35:07.832661,2,0,2,0,2,0,2,0,3,0,3,0,3,0,3,0,3,0,3,0,0,0
2025-05-03T14:35:27.988820,3,0,3,0,3,0,3,0,3,0,3,0,3,0,3,0,3,0,3,0,0,0
2025-05-03T14:35:48.187746,3,0,3,0,3,0,3,0,3,0,3,0,3,0,3,0,3,0,3,0,0,0
2025-05-03T14:36:08.345607,3,0,3,0,3,0,3,0,3,0,3,0,3,0,3,0,3,0,3,0,0,0
2025-05-03T14:36:28.510637,3,0,3,0,3,0,3,0,3,0,3,0,3,0,3,0,3,0,3,0,0,0
2025-05-03T14:36:48.709457,3,0,3,0,3,0,3,0,3,0,3,0,3,0,3,0,3,0,3,0,0,0
2025-05-03T14:37:08.863776,3,0,3,0,3,0,3,0,3,0,3,0,3,0,3,0,3,0,3,0,0,0
2025-05-03T14:37:29.074439,3,0,3,0,3,0,3,0,3,0,3,0,3,0,2,0,2,0,2,0,0,0
2025-05-03T14:37:49.219848,3,0,3,0,3,0,3,0,3,0,3,0,3,0,3,0,3,0,3,0,0,0
2025-05-03T14:38:09.394449,3,0,3,0,3,0,3,0,3,0,3,0,3,0,3,0,3,0,3,0,0,0
2025-05-03T14:38:29.595671,3,0,3,0,3,0,3,0,3,0,3,0,3,0,3,0,3,0,3,0,0,0
2025-05-03T14:38:49.767192,3,0,3,0,3,0,3,0,3,0,3,0,3,0,3,0,3,0,3,0,0,0
2025-05-03T14:39:09.960661,3,0,3,0,3,0,3,0,3,0,3,0,3,0,3,0,3,0,3,0,0,0
2025-05-03T14:39:30.128465,3,0,3,0,3,0,3,0,3,0,3,0,3,0,3,0,3,0,3,0,0,0
2025-05-03T14:39:50.296893,3,0,3,0,3,0,3,0,3,0,3,0,3,0,3,0,3,0,3,0,0,0
2025-05-03T14:40:10.496174,3,0,3,0,3,0,3,0,3,0,3,0,3,0,3,0,3,0,3,0,0,0
2025-05-03T14:40:30.658265,3,0,3,0,3,0,3,0,3,0,3,0,3,0,3,0,3,0,3,0,0,0
2025-05-03T14:40:50.855491,3,0,3,0,3,0,3,0,3,0,3,0,3,0,3,0,3,0,3,0,0,0
2025-05-03T14:41:11.019005,3,0,3,0,3,0,3,0,3,0,3,0,3,0,3,0,3,0,3,0,0,0
2025-05-03T14:41:31.195377,3,0,3,0,3,0,3,0,3,0,3,0,3,0,3,0,3,0,3,0,0,0
2025-05-03T14:41:51.392671,3,0,3,0,3,0,3,0,3,0,3,0,3,0,3,0,3,0,3,0,0,0
2025-05-03T14:42:11.548937,3,0,3,0,3,0,3,0,3,0,3,0,3,0,3,0,3,0,3,0,0,0
2025-05-03T14:42:31.742129,3,0,3,0,3,0,3,0,3,0,3,0,3,0,3,0,3,0,3,0,0,0
2025-05-03T14:42:51.914619,2,0,2,0,2,0,2,0,3,0,3,0,3,0,3,0,3,0,3,0,0,0
2025-05-03T14:43:12.057245,3,0,3,0,3,0,3,0,3,0,3,0,3,0,3,0,3,0,3,0,0,0
2025-05-03T14:43:32.259707,3,0,3,0,3,0,3,0,3,0,3,0,3,0,2,0,2,0,2,0,0,0
2025-05-03T14:43:52.417669,3,0,3,0,3,0,3,0,3,0,3,0,3,0,3,0,3,0,3,0,0,0
2025-05-03T14:44:12.625359,3,0,3,0,3,0,3,0,3,0,3,0,3,0,3,0,3,0,3,0,0,0
2025-05-03T14:44:32.791701,3,0,3,0,3,0,3,0,4,0,3,0,3,0,3,0,3,0,3,0,0,0
2025-05-03T14:44:52.961654,3,0,3,0,3,0,3,0,3,0,3,0,2,0,3,0,3,0,3,0,0,0
2025-05-03T14:45:13.151849,3,0,3,0,3,0,3,0,3,0,3,0,2,0,3,0,3,0,3,0,0,0
2025-05-03T14:45:33.306782,3,0,3,0,3,0,3,0,3,0,3,0,2,0,3,0,3,0,3,0,0,0
2025-05-03T14:45:53.497782,3,0,3,0,3,0,3,0,3,0,3,0,2,0,3,0,3,0,3,0,0,0
2025-05-03T14:46:13.658752,3,0,3,0,3,0,3,0,3,0,3,0,3,0,3,0,3,0,3,0,0,0
2025-05-03T14:46:33.830779,3,0,3,0,3,0,3,0,3,0,3,0,3,0,3,0,3,0,3,0,0,0
2025-05-03T14:46:54.020214,3,0,3,0,3,0,3,0,2,0,2,0,2,0,3,0,3,0,3,0,0,0
2025-05-03T14:47:14.169725,3,0,3,0,3,0,3,0,3,0,3,0,3,0,3,0,3,0,3,0,0,0
2025-05-03T14:47:34.372661,3,0,3,0,3,0,3,0,3,0,3,0,3,0,3,0,3,0,3,0,0,0
2025-05-03T14:47:54.531751,3,0,3,0,3,0,3,0,3,0,3,0,3,0,3,0,3,0,3,0,0,0
2025-05-03T14:48:14.694805,3,0,3,0,3,0,3,0,3,0,3,0,3,0,3,0,3,0,3,0,0,0
2025-05-03T14:48:34.894547,2,0,2,0,2,0,2,0,3,0,3,0,3,0,3,0,3,0,3,0,0,0
2025-05-03T14:48:55.045644,2,0,2,0,2,0,2,0,3,0,3,0,3,0,3,0,3,0,3,0,0,0
2025-05-03T14:49:15.242742,3,0,3,0,3,0,3,0,3,0,3,0,3,0,3,0,3,0,3,0,0,0
2025-05-03T14:49:35.406138,3,0,3,0,3,0,3,0,3,0,3,0,3,0,3,0,3,0,3,0,0,0
2025-05-03T14:49:55.563196,3,0,3,0,3,0,3,0,3,0,3,0,3,0,3,0,3,0,3,0,0,0
2025-05-03T14:50:15.796709,3,0,3,0,3,0,3,0,3,0,3,0,3,0,3,0,3,0,3,0,0,0
2025-05-03T14:50:35.960786,3,0,3,0,3,0,3,0,3,0,3,0,3,0,2,0,2,0,2,0,0,0
2025-05-03T14:50:56.146059,3,0,3,0,3,0,3,0,3,0,3,0,3,0,2,0,2,0,2,0,0,0
2025-05-03T14:51:16.287839,3,0,3,0,3,0,3,0,3,0,3,0,3,0,2,0,2,0,2,0,0,0
2025-05-03T14:51:36.437471,3,0,3,0,3,0,3,0,3,0,3,0,3,0,2,0,2,0,2,0,0,0
2025-05-03T14:51:56.618964,3,0,3,0,3,0,3,0,3,0,3,0,3,0,3,0,3,0,3,0,0,0
2025-05-03T14:52:16.800671,3,0,3,0,3,0,3,0,3,0,3,0,3,0,3,0,3,0,3,0,0,0
2025-05-03T14:52:36.958388,3,0,3,0,3,0,3,0,2,0,2,0,2,0,3,0,3,0,3,0,0,0
2025-05-03T14:52:57.143509,3,0,3,0,3,0,3,0,2,0,2,0,2,0,3,0,3,0,3,0,0,0
2025-05-03T14:53:17.297129,3,0,3,0,3,0,3,0,3,0,3,0,3,0,3,0,3,0,3,0,0,0
2025-05-03T14:53:37.509024,3,0,3,0,3,0,3,0,3,0,3,0,3,0,3,0,3,0,3,0,0,0
2025-05-03T14:53:57.667471,3,0,3,0,3,0,3,0,3,0,3,0,3,0,3,0,3,0,3,0,0,0
2025-05-03T14:54:17.837043,3,0,3,0,3,0,3,0,3,0,3,0,3,0,3,0,3,0,3,0,0,0
2025-05-03T14:54:38.043332,3,0,3,0,3,0,3,0,3,0,3,0,3,0,3,0,3,0,3,0,0,0
2025-05-03T14:54:58.199877,3,0,3,0,3,0,3,0,3,0,3,0,3,0,3,0,3,0,3,0,0,0
2025-05-03T14:55:18.416721,3,0,3,0,3,0,3,0,3,0,3,0,3,0,3,0,3,0,3,0,0,0
2025-05-03T14:55:38.581685,3,0,3,0,3,0,3,0,3,0,3,0,3,0,3,0,3,0,3,0,0,0
2025-05-03T14:55:58.745666,3,0,3,0,3,0,3,0,3,0,3,0,3,0,3,0,3,0,3,0,0,0
2025-05-03T14:56:18.940615,3,0,3,0,3,0,3,0,3,0,3,0,3,0,3,0,3,0,3,0,0,0
2025-05-03T14:56:39.101503,3,0,3,0,3,0,3,0,3,0,3,0,3,0,3,0,3,0,3,0,0,0
2025-05-03T14:56:59.314477,3,0,3,0,3,0,3,0,3,0,3,0,3,0,3,0,3,0,3,0,0,0
2025-05-03T14:57:19.475804,3,0,3,0,3,0,3,0,3,0,3,0,3,0,3,0,3,0,3,0,0,0
2025-05-03T14:57:39.640660,3,0,3,0,3,0,3,0,3,0,3,0,3,0,3,0,3,0,3,0,0,0
2025-05-03T14:57:59.840758,3,0,3,0,3,0,3,0,3,0,3,0,3,0,3,0,3,0,3,0,0,0
2025-05-03T14:58:20.012243,3,0,3,0,3,0,3,0,3,0,3,0,3,0,3,0,3,0,3,0,0,0
2025-05-03T14:58:40.220657,3,0,3,0,3,0,3,0,2,0,2,0,2,0,3,0,3,0,3,0,0,0
2025-05-03T14:59:00.369664,3,0,3,0,3,0,3,0,2,0,2,0,2,0,3,0,3,0,3,0,0,0
2025-05-03T14:59:20.521728,3,0,3,0,3,0,3,0,3,0,3,0,3,0,3,0,3,0,3,0,0,0
2025-05-03T14:59:40.721635,3,0,3,0,3,0,3,0,3,0,3,0,3,0,3,0,3,0,3,0,0,0
2025-05-03T15:00:00.887756,3,0,3,0,3,0,3,0,3,0,3,0,3,0,3,0,3,0,3,0,0,0
2025-05-03T15:00:21.080516,3,0,3,0,3,0,3,0,3,0,3,0,3,0,3,0,3,0,3,0,0,0
2025-05-03T15:00:41.248744,3,0,3,0,3,0,3,0,2,0,2,0,2,0,3,0,3,0,3,0,0,0
2025-05-03T15:01:01.397650,3,0,3,0,3,0,3,0,2,0,2,0,2,0,3,0,3,0,3,0,0,0
2025-05-03T15:01:21.586656,2,0,2,0,2,0,2,0,3,0,3,0,3,0,3,0,3,0,3,0,0,0
2025-05-03T15:01:41.728709,2,0,2,0,2,0,2,0,3,0,3,0,3,0,3,0,3,0,3,0,0,0
2025-05-03T15:02:01.906195,3,0,3,0,3,0,3,0,3,0,3,0,3,0,3,0,3,0,3,0,0,0
2025-05-03T15:02:22.073629,3,0,3,0,3,0,3,0,3,0,3,0,3,0,3,0,3,0,3,0,0,0
2025-05-03T15:02:42.245687,2,0,2,0,2,0,2,0,3,0,3,0,3,0,3,0,3,0,3,0,0,0
2025-05-03T15:03:02.423999,2,0,2,0,2,0,2,0,3,0,3,0,3,0,3,0,3,0,3,0,0,0
2025-05-03T15:03:22.569597,3,0,3,0,3,0,3,0,3,0,3,0,3,0,3,0,3,0,3,0,0,0
2025-05-03T15:03:42.744980,3,0,3,0,3,0,3,0,3,0,3,0,3,0,3,0,3,0,3,0,0,0
2025-05-03T15:04:02.956634,3,0,3,0,3,0,3,0,3,0,3,0,3,0,3,0,3,0,3,0,0,0
2025-05-03T15:04:23.117362,3,0,3,0,3,0,3,0,3,0,3,0,3,0,3,0,3,0,3,0,0,0
2025-05-03T15:04:43.308668,3,0,3,0,3,0,3,0,3,0,3,0,3,0,3,0,3,0,3,0,0,0
