Timestamp,User Count,Type,Name,Requests/s,Failures/s,50%,66%,75%,80%,90%,95%,98%,99%,99.9%,99.99%,100%,Total Request Count,Total Failure Count,Total Median Response Time,Total Average Response Time,Total Min Response Time,Total Max Response Time,Total Average Content Size
1748395267,0,,Aggregated,0.000000,0.000000,N/A,N/A,N/A,N/A,N/A,N/A,N/A,N/A,N/A,N/A,N/A,0,0,0,0.0,0,0,0
1748395268,50,,Aggregated,0.000000,0.000000,780,800,880,880,890,890,890,890,890,890,890,14,0,780,738.0,582,893,10499.0
1748395269,100,,Aggregated,0.000000,0.000000,1300,1500,1800,1800,1800,1900,1900,1900,1900,1900,1900,52,0,1300,1274.4807692307693,582,1890,10332.346153846154
1748395270,150,,Aggregated,0.000000,0.000000,1400,1600,1600,1800,1800,1900,1900,2000,2000,2000,2000,78,0,1400,1350.9871794871794,582,2001,9562.884615384615
1748395271,200,,Aggregated,8.000000,0.000000,1500,1700,1800,1900,2400,2800,2800,2900,2900,2900,2900,109,0,1500,1571.8440366972477,582,2883,9459.29357798165
1748395272,250,,Aggregated,17.333333,0.000000,1600,1800,2400,2700,2900,3500,3800,3800,3900,3900,3900,130,0,1600,1819.4076923076923,582,3897,9516.138461538461
1748395273,300,,Aggregated,19.500000,0.000000,2400,3300,3500,3700,4200,4300,4600,4700,4700,4700,4700,197,0,2400,2462.741116751269,582,4705,9795.908629441625
1748395274,350,,Aggregated,21.800000,0.000000,2700,3300,3700,3700,4200,4300,4700,5000,5000,5000,5000,224,0,2700,2592.7723214285716,582,5030,9820.495535714286
1748395275,400,,Aggregated,21.666667,0.000000,2800,3300,3700,3800,4300,4600,4900,5000,5000,5000,5000,241,0,2800,2699.170124481328,582,5030,9861.950207468879
1748395276,450,,Aggregated,28.142857,0.000000,2900,3600,3700,4000,4400,4800,5000,5800,5800,5800,5800,264,0,2900,2832.681818181818,582,5807,9789.412878787878
1748395277,500,,Aggregated,0.000000,0.000000,4400,5300,5500,5700,6300,6400,6600,6800,6800,6800,6800,51,0,4400,4732.862745098039,2497,6798,8528.313725490196
1748395279,500,,Aggregated,0.000000,0.000000,5100,6300,6600,6700,7000,7700,8000,8000,8000,8000,8000,137,0,5100,5288.671532846715,2497,8008,9214.138686131388
1748395280,500,,Aggregated,0.000000,0.000000,5200,6300,6700,6800,7000,7700,8000,8000,8900,8900,8900,139,0,5200,5320.309352517986,2497,8888,9232.625899280576
1748395281,500,,Aggregated,51.000000,0.000000,5500,6700,7000,7100,7700,8100,8900,9700,9700,9700,9700,185,0,5500,5662.4162162162165,2497,9702,9379.18918918919
1748395282,500,,Aggregated,62.500000,0.000000,6000,6900,7300,7700,8100,8700,9700,10000,11000,11000,11000,214,0,5900,5945.032710280374,2497,10785,9482.31308411215
1748395283,500,,Aggregated,46.333333,0.000000,6300,7000,7700,7800,8700,9800,11000,11000,12000,12000,12000,225,0,6300,6152.764444444444,2497,11798,9532.017777777777
1748395284,500,,Aggregated,46.250000,0.000000,6700,7700,8400,8900,10000,11000,12000,12000,13000,13000,13000,265,0,6700,6740.411320754717,2497,12800,9681.864150943396
1748395285,500,,Aggregated,42.800000,0.000000,6800,8000,8700,9400,10000,11000,12000,12000,13000,13000,13000,340,0,6800,6967.335294117647,2497,12800,9758.814705882352
1748395286,500,,Aggregated,37.500000,0.000000,7600,8700,9700,10000,11000,12000,13000,13000,15000,15000,15000,459,0,7600,7503.167755991285,2497,14779,9774.671023965142
1748395287,500,,Aggregated,42.500000,0.000000,7700,9000,9800,10000,11000,12000,13000,13000,15000,15000,15000,522,0,7700,7632.749042145594,2497,14779,9802.94061302682
1748395288,500,,Aggregated,42.500000,0.000000,7800,9300,10000,10000,11000,12000,13000,13000,15000,15000,15000,582,0,7800,7817.429553264605,2497,14779,9785.675257731958
1748395289,500,,Aggregated,51.000000,0.000000,7300,8800,9800,10000,11000,12000,13000,13000,15000,15000,15000,714,0,7200,7447.359943977591,1659,14779,9515.987394957983
1748395290,500,,Aggregated,51.800000,0.000000,7100,8700,9700,10000,11000,12000,13000,13000,15000,15000,15000,751,1,7100,7331.356857523302,1312,14779,9474.24500665779
1748395291,500,,Aggregated,53.100000,0.000000,7000,8400,9400,10000,11000,12000,13000,13000,15000,15000,15000,804,1,6900,7177.394278606966,1312,14779,9370.598258706468
1748395292,500,,Aggregated,58.900000,0.000000,6700,8100,9200,9800,11000,12000,13000,13000,15000,15000,15000,889,1,6700,7025.797525309336,1312,14779,9329.316085489314
1748395293,500,,Aggregated,61.200000,0.100000,6500,7800,9000,9600,11000,12000,13000,13000,15000,15000,15000,976,1,6500,6886.259221311476,1312,14779,9268.709016393443
1748395294,500,,Aggregated,67.500000,0.100000,6300,7700,8700,9400,11000,11000,13000,13000,14000,15000,15000,1031,1,6300,6771.310378273521,1312,14779,9281.217264791465
1748395295,500,,Aggregated,75.100000,0.100000,6100,7500,8500,9300,11000,11000,12000,13000,14000,15000,15000,1104,1,6100,6609.401268115942,1312,14779,9387.258152173914
1748395296,500,,Aggregated,76.300000,0.100000,6000,7300,8400,9100,10000,11000,12000,13000,14000,15000,15000,1159,1,6000,6502.32441760138,1312,14779,9508.505608283003
1748395297,500,,Aggregated,76.200000,0.100000,5800,7100,8100,8900,10000,11000,12000,13000,14000,15000,15000,1233,1,5800,6326.729927007299,1312,14779,9562.381184103811
1748395298,500,,Aggregated,69.700000,0.100000,5500,6900,8000,8700,10000,11000,12000,13000,14000,15000,15000,1312,1,5500,6130.741615853659,1312,14779,9548.407774390244
1748395299,500,,Aggregated,69.700000,0.100000,5300,6700,7800,8600,10000,11000,12000,13000,14000,15000,15000,1383,1,5300,5957.536514822849,1312,14779,9519.464208242951
1748395300,500,,Aggregated,71.200000,0.100000,5200,6600,7700,8400,10000,11000,12000,13000,14000,15000,15000,1436,1,5200,5838.130222841226,1312,14779,9479.33983286908
1748395301,500,,Aggregated,72.500000,0.100000,5000,6500,7500,8100,10000,11000,12000,13000,14000,15000,15000,1511,1,5000,5692.796161482462,1237,14779,9464.698213103904
1748395302,500,,Aggregated,68.500000,0.000000,4900,6400,7300,8100,10000,11000,12000,13000,14000,15000,15000,1562,1,4900,5605.702304737516,1237,14779,9447.667733674776
1748395303,500,,Aggregated,68.500000,0.000000,4800,6300,7200,8000,10000,11000,12000,13000,14000,15000,15000,1601,1,4800,5540.917551530293,1237,14779,9446.381011867583
1748395304,500,,Aggregated,70.700000,0.000000,4600,6000,7000,7800,9900,11000,12000,13000,14000,15000,15000,1704,1,4600,5385.234154929577,1237,14779,9415.522887323943
1748395305,500,,Aggregated,67.000000,0.000000,4400,5900,6900,7700,9800,11000,12000,13000,14000,15000,15000,1765,1,4400,5302.853257790368,1237,14779,9421.815864022663
1748395306,500,,Aggregated,67.600000,0.000000,4400,5900,6800,7700,9800,11000,12000,13000,14000,15000,15000,1799,1,4400,5262.058921623124,1237,14779,9427.449138410228
1748395307,500,,Aggregated,66.300000,0.000000,4300,5700,6700,7600,9800,11000,12000,13000,14000,15000,15000,1858,1,4300,5207.335844994618,1237,14779,9437.72443487621
1748395308,500,,Aggregated,64.200000,0.000000,4300,5600,6700,7400,9700,11000,12000,13000,14000,15000,15000,1907,1,4300,5163.154168851599,1237,14779,9428.191400104877
1748395309,500,,Aggregated,64.200000,0.000000,4200,5500,6600,7400,9600,11000,12000,13000,14000,15000,15000,1950,1,4200,5130.74358974359,1237,14779,9451.819487179488
1748395310,500,,Aggregated,62.400000,0.000000,4200,5300,6500,7100,9500,11000,12000,13000,14000,15000,15000,2050,1,4200,5054.446829268292,1237,14779,9452.594634146342
1748395311,500,,Aggregated,56.700000,0.000000,4100,5200,6400,7100,9400,11000,12000,13000,14000,15000,15000,2106,1,4100,5010.102089268756,1237,14779,9464.675688509022
1748395312,500,,Aggregated,56.700000,0.000000,4000,5100,6300,7000,9300,11000,12000,13000,14000,15000,15000,2160,1,4000,4964.281018518518,1237,14779,9431.325925925927
1748395313,500,,Aggregated,61.400000,0.000000,4000,5100,6200,6900,9300,11000,12000,12000,14000,15000,15000,2215,1,4000,4931.812641083521,1237,14779,9411.671331828442
1748395314,500,,Aggregated,60.100000,0.000000,4000,5000,6100,6800,9100,10000,12000,12000,14000,15000,15000,2279,1,4000,4896.335234752084,1237,14779,9390.892496709082
1748395315,500,,Aggregated,61.400000,0.000000,4000,5000,6100,6700,9100,10000,12000,12000,14000,15000,15000,2326,1,4000,4886.126397248495,1237,14779,9457.797076526225
1748395316,500,,Aggregated,56.400000,0.000000,4000,5000,6000,6700,9000,10000,12000,12000,14000,15000,15000,2400,1,4000,4858.9475,1237,14779,9466.73875
1748395317,500,,Aggregated,55.900000,0.000000,4000,4900,5900,6600,8900,10000,12000,12000,14000,15000,15000,2457,1,4000,4828.849816849817,1237,14779,9464.52787952788
1748395318,500,,Aggregated,58.800000,0.000000,4000,4800,5800,6600,8800,10000,12000,12000,14000,15000,15000,2523,1,4000,4799.3618707887435,1237,14779,9474.254458977408
1748395319,500,,Aggregated,58.800000,0.000000,3900,4700,5700,6500,8700,10000,11000,12000,14000,15000,15000,2592,1,3900,4758.042052469136,1237,14779,9459.235725308641
1748395320,500,,Aggregated,59.600000,0.000000,3900,4700,5600,6400,8700,10000,11000,12000,14000,15000,15000,2619,1,3900,4747.074455899198,1237,14779,9468.158457426498
1748395321,500,,Aggregated,62.000000,0.000000,3900,4700,5600,6400,8700,10000,11000,12000,14000,15000,15000,2657,1,3900,4732.380880692511,1237,14779,9469.832894241626
1748395322,500,,Aggregated,64.200000,0.000000,3900,4700,5500,6300,8600,10000,11000,12000,14000,15000,15000,2714,1,3900,4725.447310243184,1237,14779,9493.043109801032
1748395323,500,,Aggregated,56.900000,0.000000,3900,4700,5500,6200,8400,10000,11000,12000,14000,15000,15000,2821,1,3900,4700.34136830911,1237,14779,9517.086848635236
1748395324,500,,Aggregated,55.400000,0.000000,3900,4700,5400,6100,8400,10000,11000,12000,14000,15000,15000,2872,1,3900,4680.33426183844,1237,14779,9505.549442896936
1748395325,500,,Aggregated,60.600000,0.000000,3900,4600,5400,6100,8300,10000,11000,12000,14000,15000,15000,2914,1,3900,4667.931365820178,1237,14779,9502.576527110501
1748395326,500,,Aggregated,60.300000,0.000000,3900,4600,5400,6100,8200,10000,11000,12000,14000,15000,15000,2975,1,3900,4652.499831932773,1237,14779,9505.541176470588
1748395327,500,,Aggregated,58.300000,0.000000,3900,4600,5300,6000,8100,10000,11000,12000,14000,15000,15000,3071,1,3900,4638.781830022794,1237,14779,9519.423314881145
1748395328,500,,Aggregated,58.300000,0.000000,3900,4600,5300,6000,8100,10000,11000,12000,14000,15000,15000,3142,1,3900,4612.398154042012,1237,14779,9515.535646085296
1748395329,500,,Aggregated,61.100000,0.000000,3900,4500,5200,5900,8000,10000,11000,12000,14000,15000,15000,3223,1,3900,4568.417313062364,1237,14779,9515.076946943842
1748395330,500,,Aggregated,60.900000,0.000000,3800,4500,5200,5900,8000,10000,11000,12000,14000,15000,15000,3264,1,3800,4549.485906862745,1237,14779,9524.981924019608
1748395331,500,,Aggregated,62.300000,0.000000,3800,4500,5200,5800,7900,9900,11000,12000,14000,15000,15000,3319,1,3800,4531.545646279,1237,14779,9547.18921361856
1748395332,500,,Aggregated,63.200000,0.000000,3800,4400,5100,5800,7800,9900,11000,12000,14000,15000,15000,3372,1,3800,4508.068208778173,1237,14779,9529.439798339265
1748395333,500,,Aggregated,65.200000,0.000000,3800,4400,5100,5700,7800,9900,11000,12000,14000,15000,15000,3433,1,3800,4490.540926303524,1237,14779,9557.13574133411
1748395334,500,,Aggregated,65.200000,0.000000,3800,4400,5100,5700,7800,9900,11000,12000,14000,15000,15000,3459,1,3800,4482.820757444348,1237,14779,9555.161029199191
1748395335,500,,Aggregated,59.000000,0.000000,3800,4400,5000,5600,7700,9900,11000,12000,14000,15000,15000,3512,1,3800,4475.1902050113895,1237,14779,9549.401765375855
1748395336,500,,Aggregated,59.000000,0.000000,3800,4400,5000,5600,7700,9800,11000,12000,14000,15000,15000,3581,1,3800,4467.046355766545,1237,14779,9551.21809550405
1748395337,500,,Aggregated,58.800000,0.000000,3800,4400,5000,5600,7700,9800,11000,12000,14000,15000,15000,3650,1,3800,4462.56602739726,1237,14779,9560.47397260274
1748395338,500,,Aggregated,61.200000,0.000000,3800,4400,5000,5600,7600,9700,11000,12000,14000,15000,15000,3727,1,3800,4457.2844110544675,1237,14779,9556.574724979877
1748395339,500,,Aggregated,58.900000,0.000000,3800,4400,5000,5500,7500,9700,11000,12000,14000,15000,15000,3804,1,3800,4442.023133543638,1237,14779,9544.827812828602
1748395340,500,,Aggregated,56.700000,0.000000,3800,4400,5000,5500,7400,9600,11000,12000,14000,15000,15000,3856,1,3800,4430.797458506224,1237,14779,9533.870072614109
1748395341,500,,Aggregated,57.700000,0.000000,3800,4400,5000,5500,7400,9600,11000,12000,14000,15000,15000,3907,1,3800,4424.934988482211,1237,14779,9537.060148451497
1748395342,500,,Aggregated,59.500000,0.000000,3800,4400,5000,5500,7400,9600,11000,12000,14000,15000,15000,3959,1,3800,4419.972467794898,1237,14779,9551.616822429907
1748395343,500,,Aggregated,59.500000,0.000000,3800,4400,5000,5500,7400,9500,11000,12000,14000,15000,15000,4018,1,3800,4416.508959681433,1237,14779,9572.556495769039
1748395344,500,,Aggregated,60.000000,0.000000,3800,4400,5000,5500,7300,9500,11000,12000,14000,15000,15000,4075,1,3800,4410.867484662576,1237,14779,9591.154110429448
1748395345,500,,Aggregated,60.700000,0.000000,3800,4400,5000,5500,7200,9400,11000,12000,14000,15000,15000,4131,1,3800,4402.823771483902,1237,14779,9585.71556523844
1748395346,500,,Aggregated,60.700000,0.000000,3800,4400,4900,5500,7200,9400,11000,12000,14000,15000,15000,4192,1,3800,4392.158396946565,1237,14779,9591.959685114503
1748395347,500,,Aggregated,61.700000,0.000000,3800,4400,4900,5400,7100,9400,11000,12000,14000,15000,15000,4275,1,3800,4378.3831578947365,1237,14779,9584.458011695906
1748395348,500,,Aggregated,61.700000,0.000000,3800,4400,4900,5400,7100,9300,11000,12000,14000,15000,15000,4347,1,3800,4368.574649183345,1237,14779,9576.812054290314
1748395349,500,,Aggregated,61.600000,0.000000,3800,4300,4900,5300,7100,9300,11000,12000,14000,15000,15000,4410,1,3800,4350.575736961451,1237,14779,9565.920634920634
1748395350,500,,Aggregated,65.200000,0.000000,3800,4300,4900,5300,7000,9300,11000,12000,14000,15000,15000,4479,1,3800,4340.413708417057,1237,14779,9577.461263674928
1748395351,500,,Aggregated,65.200000,0.000000,3800,4300,4900,5300,7000,9100,11000,12000,14000,15000,15000,4532,1,3800,4328.240511915269,1237,14779,9565.22837599294
1748395352,500,,Aggregated,61.800000,0.000000,3800,4300,4800,5300,7000,9100,11000,12000,14000,15000,15000,4588,1,3800,4318.6922406277245,1237,14779,9576.435265911072
1748395353,500,,Aggregated,63.700000,0.000000,3700,4300,4800,5300,6900,9100,11000,12000,14000,15000,15000,4649,1,3700,4307.624005162401,1237,14779,9567.602710260271
1748395354,500,,Aggregated,62.000000,0.000000,3700,4300,4800,5300,6900,9100,11000,12000,14000,15000,15000,4688,1,3700,4306.475255972697,1237,14779,9582.748720136518
1748395355,500,,Aggregated,61.600000,0.000000,3700,4300,4800,5200,6800,9000,11000,12000,14000,15000,15000,4762,1,3700,4293.82486350273,1237,14779,9584.996430071398
1748395356,500,,Aggregated,61.000000,0.000000,3700,4300,4800,5200,6800,9000,11000,12000,14000,15000,15000,4829,1,3700,4281.4690412093605,1237,14779,9603.898115551874
1748395357,500,,Aggregated,61.000000,0.000000,3700,4300,4800,5200,6800,9000,11000,12000,14000,15000,15000,4884,1,3700,4268.636568386569,1237,14779,9597.314291564291
1748395358,500,,Aggregated,62.400000,0.000000,3700,4300,4700,5200,6800,8900,11000,12000,14000,15000,15000,4930,1,3700,4261.383569979716,1237,14779,9613.317647058824
1748395359,500,,Aggregated,61.800000,0.000000,3700,4300,4700,5200,6700,8900,11000,12000,14000,15000,15000,4994,1,3700,4252.075290348418,1237,14779,9592.95995194233
1748395360,500,,Aggregated,57.900000,0.000000,3700,4200,4700,5200,6700,8800,11000,12000,13000,15000,15000,5028,1,3700,4247.593476531424,1237,14779,9589.988663484486
1748395361,500,,Aggregated,58.700000,0.000000,3700,4300,4700,5200,6700,8800,11000,12000,13000,15000,15000,5099,1,3700,4250.157481859188,1237,14779,9611.829770543243
1748395362,500,,Aggregated,55.400000,0.000000,3700,4300,4700,5200,6700,8700,11000,11000,13000,15000,15000,5144,1,3700,4249.319206842923,1237,14779,9622.294517884915
1748395363,500,,Aggregated,55.700000,0.000000,3700,4300,4700,5200,6700,8700,11000,11000,13000,15000,15000,5221,1,3700,4248.194790270063,1237,14779,9622.341313924535
1748395364,500,,Aggregated,55.900000,0.000000,3700,4300,4700,5200,6700,8700,11000,11000,13000,15000,15000,5283,1,3700,4250.037667991672,1237,14779,9617.954003407154
1748395365,500,,Aggregated,55.900000,0.000000,3700,4300,4700,5200,6600,8700,11000,11000,13000,15000,15000,5322,1,3700,4245.900601277715,1237,14779,9621.157835400225
1748395366,500,,Aggregated,60.600000,0.000000,3700,4300,4700,5200,6600,8600,11000,11000,13000,15000,15000,5401,1,3700,4241.285132382892,1237,14779,9611.986854286244
1748395367,500,,Aggregated,56.800000,0.000000,3700,4300,4700,5200,6600,8600,11000,11000,13000,15000,15000,5461,1,3700,4236.7548068119395,1237,14779,9621.429591649881
1748395368,500,,Aggregated,58.300000,0.000000,3700,4300,4700,5200,6600,8600,11000,11000,13000,15000,15000,5516,1,3700,4237.9211385061635,1237,14779,9634.993292240753
1748395369,500,,Aggregated,57.400000,0.000000,3700,4300,4700,5200,6600,8500,11000,11000,13000,15000,15000,5563,1,3700,4238.333093654503,1237,14779,9635.55635448499
1748395370,500,,Aggregated,57.400000,0.000000,3700,4300,4800,5200,6600,8500,11000,11000,13000,15000,15000,5594,1,3700,4241.193779048981,1237,14779,9634.955488022882
1748395371,500,,Aggregated,56.800000,0.000000,3700,4300,4800,5200,6600,8500,10000,11000,13000,15000,15000,5676,1,3700,4249.265327695561,1237,14779,9665.080338266385
1748395372,500,,Aggregated,57.600000,0.000000,3800,4300,4800,5200,6600,8400,10000,11000,13000,15000,15000,5724,1,3800,4251.518867924528,1237,14779,9670.015548567435
1748395373,500,,Aggregated,57.600000,0.000000,3800,4300,4800,5200,6600,8400,10000,11000,13000,15000,15000,5788,1,3800,4250.091223220456,1237,14779,9659.373013130615
1748395374,500,,Aggregated,58.300000,0.000000,3800,4300,4800,5200,6600,8400,10000,11000,13000,15000,15000,5849,1,3800,4245.821507950077,1237,14779,9656.45289793127
1748395375,500,,Aggregated,58.700000,0.000000,3800,4300,4800,5200,6600,8400,10000,11000,13000,15000,15000,5896,1,3800,4244.104986431479,1237,14779,9658.661126187246
1748395376,500,,Aggregated,56.700000,0.000000,3800,4300,4800,5200,6600,8400,10000,11000,13000,15000,15000,5925,1,3800,4245.520506329114,1237,14779,9666.18582278481
1748395377,500,,Aggregated,57.300000,0.000000,3800,4300,4800,5200,6600,8300,10000,11000,13000,15000,15000,5998,1,3800,4252.330610203401,1237,14779,9664.20556852284
1748395378,500,,Aggregated,51.800000,0.000000,3800,4300,4800,5200,6600,8300,10000,11000,13000,15000,15000,6104,1,3800,4258.230504587156,1237,14779,9688.241480996068
1748395379,500,,Aggregated,51.700000,0.000000,3800,4300,4800,5200,6600,8200,10000,11000,13000,15000,15000,6170,1,3800,4256.75623987034,1237,14779,9695.807293354943
1748395380,500,,Aggregated,57.700000,0.000000,3800,4300,4800,5200,6600,8100,10000,11000,13000,15000,15000,6223,1,3800,4248.193315121324,1237,14779,9690.710429053512
1748395381,500,,Aggregated,59.000000,0.000000,3800,4300,4800,5200,6500,8100,10000,11000,13000,15000,15000,6265,1,3800,4244.51572226656,1237,14779,9692.471667996808
1748395382,500,,Aggregated,59.000000,0.000000,3800,4300,4800,5200,6500,8100,10000,11000,13000,15000,15000,6305,1,3800,4240.779540047582,1237,14779,9696.732593180015
1748395383,500,,Aggregated,59.700000,0.000000,3800,4300,4800,5200,6500,8100,10000,11000,13000,15000,15000,6392,1,3800,4236.38986232791,1237,14779,9708.013923654567
1748395384,500,,Aggregated,58.500000,0.000000,3800,4300,4800,5200,6500,8100,10000,11000,13000,15000,15000,6419,1,3800,4239.1324193799655,1237,14779,9714.578283221686
1748395385,500,,Aggregated,58.000000,0.000000,3800,4300,4800,5200,6500,8100,10000,11000,13000,15000,15000,6488,1,3800,4236.293310727497,1237,14779,9716.72071516646
1748395386,500,,Aggregated,58.000000,0.000000,3800,4300,4800,5200,6500,8100,10000,11000,13000,15000,15000,6514,1,3800,4236.416487565244,1237,14779,9719.717531470678
1748395387,500,,Aggregated,58.300000,0.000000,3800,4300,4800,5200,6500,8100,10000,11000,13000,15000,15000,6548,1,3800,4233.837049480758,1237,14779,9711.638515577275
1748395388,500,,Aggregated,59.700000,0.000000,3800,4300,4800,5200,6400,8000,10000,11000,13000,15000,15000,6619,1,3800,4239.040640580148,1237,14779,9702.512464118447
1748395389,500,,Aggregated,57.200000,0.000000,3800,4400,4800,5200,6400,8000,10000,11000,13000,15000,15000,6704,1,3800,4247.294600238663,1237,14779,9713.25343078759
1748395390,500,,Aggregated,51.200000,0.000000,3800,4400,4800,5200,6500,8000,10000,11000,13000,15000,15000,6745,1,3800,4253.075463306152,1237,14779,9713.713417346182
1748395391,500,,Aggregated,51.200000,0.000000,3800,4400,4800,5200,6500,8000,10000,11000,13000,15000,15000,6781,1,3800,4255.754903406577,1237,14779,9711.565255861968
1748395392,500,,Aggregated,52.200000,0.000000,3800,4400,4900,5200,6500,8000,10000,11000,13000,15000,15000,6830,1,3800,4263.600439238653,1237,14779,9726.931478770131
1748395393,500,,Aggregated,52.500000,0.000000,3800,4400,4900,5200,6500,8000,10000,11000,13000,15000,15000,6871,1,3800,4268.384369087469,1237,14779,9727.562654635425
1748395394,500,,Aggregated,52.200000,0.000000,3800,4400,4900,5300,6500,8000,10000,11000,13000,15000,15000,6970,1,3800,4278.415781922525,1237,14779,9721.17718794835
1748395395,500,,Aggregated,50.100000,0.000000,3800,4400,4900,5300,6500,8000,10000,11000,13000,15000,15000,7041,1,3800,4286.5970742792215,1237,14779,9734.926856980543
1748395396,500,,Aggregated,51.000000,0.000000,3800,4400,4900,5300,6600,8000,10000,11000,13000,15000,15000,7072,1,3800,4292.2696549773755,1237,14779,9743.061792986426
1748395397,500,,Aggregated,55.000000,0.000000,3800,4400,4900,5300,6600,8000,10000,11000,13000,15000,15000,7159,1,3800,4291.153792429111,1237,14779,9743.964939237323
1748395398,500,,Aggregated,55.000000,0.000000,3800,4400,4900,5300,6600,8000,10000,11000,13000,15000,15000,7195,1,3800,4290.6,1237,14779,9746.87296733843
1748395399,500,,Aggregated,54.200000,0.000000,3800,4400,4900,5300,6600,8000,10000,11000,13000,15000,15000,7209,1,3800,4289.185462616174,1237,14779,9747.475655430711
1748395400,500,,Aggregated,59.400000,0.000000,3900,4400,4900,5300,6600,8000,10000,11000,13000,15000,15000,7269,1,3900,4295.978676571743,1237,14779,9752.854037694318
1748395401,500,,Aggregated,56.000000,0.000000,3900,4400,4900,5300,6600,8000,10000,11000,13000,15000,15000,7327,1,3900,4299.439470451754,1237,14779,9767.024703152723
1748395402,500,,Aggregated,51.200000,0.000000,3900,4400,5000,5300,6600,8000,10000,11000,13000,15000,15000,7419,1,3900,4305.097587275914,1237,14779,9772.527159994608
1748395403,500,,Aggregated,54.000000,0.000000,3900,4500,5000,5300,6600,8000,10000,11000,13000,15000,15000,7472,1,3900,4306.681209850107,1237,14779,9775.310358672377
1748395404,500,,Aggregated,57.600000,0.000000,3900,4400,4900,5300,6600,8000,10000,11000,13000,15000,15000,7559,1,3900,4301.922873395952,1237,14779,9763.631565021828
1748395405,500,,Aggregated,59.000000,0.000000,3900,4400,4900,5300,6600,8000,10000,11000,13000,15000,15000,7586,1,3900,4301.249538623781,1237,14779,9762.294358027946
1748395406,500,,Aggregated,59.900000,0.000000,3900,4400,4900,5300,6600,7900,10000,11000,13000,15000,15000,7647,1,3900,4297.124885576043,1237,14779,9757.020138616452
1748395407,500,,Aggregated,54.500000,0.000000,3900,4400,4900,5300,6600,7900,10000,11000,13000,15000,15000,7689,1,3900,4296.368188320978,1237,14779,9766.173104434907
1748395408,500,,Aggregated,56.800000,0.000000,3900,4400,4900,5300,6600,7900,10000,11000,13000,15000,15000,7730,1,3900,4296.198318240621,1237,14779,9770.51552393273
1748395409,500,,Aggregated,53.300000,0.000000,3900,4400,4900,5300,6500,7900,10000,11000,13000,15000,15000,7762,1,3900,4298.984282401443,1237,14779,9770.250579747488
1748395410,500,,Aggregated,53.400000,0.000000,3900,4500,5000,5300,6600,7900,10000,11000,13000,15000,15000,7897,1,3900,4303.135874382677,1237,14779,9795.109535266556
1748395411,500,,Aggregated,55.100000,0.000000,3900,4500,5000,5300,6600,7900,10000,11000,13000,15000,15000,7937,1,3900,4304.124984250976,1237,14779,9791.456847675445
1748395412,500,,Aggregated,60.200000,0.000000,3900,4500,4900,5300,6500,7800,10000,11000,13000,15000,15000,8010,1,3900,4299.223096129837,1237,14779,9781.830461922596
1748395413,500,,Aggregated,60.300000,0.000000,3900,4500,4900,5300,6500,7800,10000,11000,13000,15000,15000,8050,1,3900,4294.03701863354,1237,14779,9780.268944099378
1748395414,500,,Aggregated,59.200000,0.000000,3900,4500,4900,5300,6500,7800,10000,11000,13000,15000,15000,8123,1,3900,4290.314292748984,1237,14779,9773.680290533055
1748395415,500,,Aggregated,58.400000,0.000000,3900,4500,4900,5300,6500,7800,10000,11000,13000,15000,15000,8181,1,3900,4288.313286884244,1237,14779,9791.48747096932
1748395416,500,,Aggregated,58.400000,0.000000,3900,4500,4900,5300,6500,7800,10000,11000,13000,15000,15000,8187,1,3900,4287.749236594601,1237,14779,9791.719188958104
1748395417,500,,Aggregated,60.000000,0.000000,3900,4500,4900,5300,6500,7800,10000,11000,13000,15000,15000,8331,1,3900,4285.34209578682,1237,14779,9795.675549153762
1748395418,500,,Aggregated,56.300000,0.000000,3900,4500,4900,5300,6500,7800,9900,11000,13000,15000,15000,8367,1,3900,4282.340982430979,1237,14779,9797.236046372655
1748395419,500,,Aggregated,62.800000,0.000000,3900,4400,4900,5300,6500,7800,9900,11000,13000,15000,15000,8417,1,3900,4276.1859332303675,1237,14779,9794.003683022454
1748395420,500,,Aggregated,63.400000,0.000000,3900,4400,4900,5300,6500,7700,9900,11000,13000,15000,15000,8490,1,3900,4271.5309776207305,1237,14779,9795.339929328622
1748395421,500,,Aggregated,64.000000,0.000000,3900,4400,4900,5300,6400,7700,9900,11000,13000,15000,15000,8539,1,3900,4268.374282702893,1237,14779,9796.285981965102
1748395422,500,,Aggregated,62.600000,0.000000,3800,4400,4900,5300,6400,7700,9900,11000,13000,15000,15000,8607,1,3800,4264.214476588823,1237,14779,9805.763099802487
1748395423,500,,Aggregated,60.300000,0.000000,3800,4400,4900,5300,6400,7700,9900,11000,13000,15000,15000,8708,1,3800,4258.666972898484,1237,14779,9810.916972898483
1748395424,500,,Aggregated,59.100000,0.000000,3800,4400,4900,5200,6400,7700,9900,11000,13000,15000,15000,8799,1,3800,4246.369928400954,1127,14779,9815.016706443914
1748395425,500,,Aggregated,63.700000,0.000000,3800,4400,4900,5200,6400,7700,9900,11000,13000,15000,15000,8824,1,3800,4242.585335448776,1127,14779,9815.404238440617
1748395426,500,,Aggregated,66.400000,0.000000,3800,4400,4900,5200,6400,7700,9900,11000,13000,15000,15000,8862,1,3800,4237.55698487926,1127,14779,9813.849243962988
1748395427,500,,Aggregated,63.800000,0.000000,3800,4400,4900,5200,6400,7700,9900,11000,13000,15000,15000,8927,1,3800,4231.502408423883,1127,14779,9815.31600761734
1748395428,500,,Aggregated,63.800000,0.000000,3800,4400,4800,5200,6400,7700,9800,11000,13000,15000,15000,8984,1,3800,4227.201580587712,1127,14779,9821.259683882457
1748395429,500,,Aggregated,60.400000,0.000000,3800,4400,4800,5200,6400,7600,9800,11000,13000,15000,15000,9025,1,3800,4222.971523545706,1127,14779,9820.584376731302
1748395430,500,,Aggregated,62.100000,0.000000,3800,4400,4800,5200,6400,7600,9800,11000,13000,15000,15000,9073,1,3800,4222.086410228149,1127,14779,9817.130937947757
1748395431,500,,Aggregated,61.700000,0.000000,3800,4400,4800,5200,6300,7600,9800,11000,13000,15000,15000,9142,1,3800,4219.494749507767,1127,14779,9818.304637934807
1748395432,500,,Aggregated,58.500000,0.000000,3800,4400,4800,5200,6300,7600,9800,11000,13000,15000,15000,9191,1,3800,4220.14579479926,1127,14779,9826.753019257969
1748395433,500,,Aggregated,58.500000,0.000000,3800,4400,4800,5200,6300,7600,9800,11000,13000,15000,15000,9246,1,3800,4222.296452520009,1127,14779,9829.57127406446
1748395434,500,,Aggregated,56.300000,0.000000,3800,4400,4800,5200,6300,7600,9800,11000,13000,15000,15000,9299,1,3800,4225.531454995161,1127,14779,9835.504892999248
1748395435,500,,Aggregated,56.600000,0.000000,3800,4400,4900,5200,6300,7600,9800,11000,13000,15000,15000,9344,1,3800,4228.025149828767,1127,14779,9828.448202054795
1748395436,500,,Aggregated,53.900000,0.000000,3800,4400,4900,5200,6300,7600,9700,11000,13000,15000,15000,9453,1,3800,4232.996614831271,1127,14779,9825.556860256003
1748395437,500,,Aggregated,52.600000,0.000000,3800,4400,4900,5200,6300,7500,9700,11000,13000,15000,15000,9494,1,3800,4234.599431219718,1127,14779,9834.084263745524
1748395438,500,,Aggregated,52.200000,0.000000,3800,4400,4900,5200,6300,7500,9700,11000,13000,15000,15000,9541,1,3800,4236.209621632953,1127,14779,9834.486531810082
1748395439,500,,Aggregated,54.200000,0.000000,3800,4400,4900,5200,6300,7500,9700,11000,13000,15000,15000,9576,1,3800,4237.9058061821215,1127,14779,9837.9895572264
1748395440,500,,Aggregated,55.300000,0.000000,3900,4400,4900,5200,6300,7500,9700,11000,13000,15000,15000,9612,1,3900,4238.721389929255,1127,14779,9836.796400332918
1748395441,500,,Aggregated,55.200000,0.000000,3900,4400,4900,5200,6300,7500,9700,11000,13000,15000,15000,9695,1,3900,4243.09087158329,1127,14779,9839.809695719443
1748395442,500,,Aggregated,55.500000,0.000000,3900,4400,4900,5200,6300,7500,9700,11000,13000,15000,15000,9775,1,3900,4244.717442455243,1127,14779,9843.038874680307
1748395443,500,,Aggregated,55.100000,0.000000,3900,4400,4900,5200,6300,7500,9700,11000,13000,15000,15000,9825,1,3900,4241.255165394402,1127,14779,9843.405089058524
1748395444,500,,Aggregated,62.000000,0.000000,3900,4400,4900,5200,6300,7500,9600,11000,13000,15000,15000,9882,1,3900,4243.570026310464,1127,14779,9860.750961343858
1748395445,500,,Aggregated,57.100000,0.000000,3900,4400,4900,5200,6300,7500,9600,11000,13000,15000,15000,9981,1,3900,4239.531209297666,1127,14779,9859.7873960525
1748395446,500,,Aggregated,57.100000,0.000000,3900,4400,4900,5200,6300,7400,9600,11000,13000,14000,15000,10025,1,3900,4236.802094763092,1127,14779,9866.513715710724
1748395447,500,,Aggregated,58.200000,0.000000,3800,4400,4900,5200,6300,7400,9600,11000,13000,14000,15000,10104,1,3800,4228.661322248615,1127,14779,9866.572842438638
1748395448,500,,Aggregated,63.800000,0.000000,3800,4400,4900,5200,6300,7400,9600,11000,13000,14000,15000,10152,1,3800,4224.0622537431045,1127,14779,9867.050925925925
1748395449,500,,Aggregated,62.500000,0.000000,3800,4400,4900,5200,6300,7400,9600,11000,13000,14000,15000,10217,1,3800,4215.975237349516,1127,14779,9862.671234217481
1748395450,500,,Aggregated,59.100000,0.000000,3800,4400,4800,5200,6300,7400,9600,11000,13000,14000,15000,10283,1,3800,4210.1083341437325,1127,14779,9862.92813381309
1748395451,500,,Aggregated,61.100000,0.000000,3800,4400,4800,5200,6300,7400,9600,11000,13000,14000,15000,10342,1,3800,4207.925739702186,1127,14779,9878.044188744923
1748395452,500,,Aggregated,62.200000,0.000000,3800,4400,4800,5200,6300,7400,9500,11000,13000,14000,15000,10407,1,3800,4202.465071586432,1127,14779,9878.32516575382
1748395453,500,,Aggregated,65.600000,0.000000,3800,4400,4800,5200,6300,7400,9500,11000,13000,14000,15000,10422,1,3800,4200.964881980426,1127,14779,9881.505853003262
1748395454,500,,Aggregated,58.700000,0.000000,3800,4400,4800,5200,6300,7400,9500,11000,13000,14000,15000,10488,1,3800,4198.238939740656,1127,14779,9878.757437070939
1748395455,500,,Aggregated,58.700000,0.000000,3800,4400,4800,5200,6200,7300,9500,11000,13000,14000,15000,10528,1,3800,4197.359232522796,1127,14779,9879.032199848025
1748395456,500,,Aggregated,61.100000,0.000000,3800,4400,4800,5200,6200,7300,9500,11000,13000,14000,15000,10598,1,3800,4197.461219097943,1127,14779,9888.078694093225
1748395457,500,,Aggregated,60.900000,0.000000,3800,4400,4800,5200,6200,7300,9400,11000,13000,14000,15000,10657,2,3800,4199.433611710613,691,14779,9896.4614807169
1748395458,500,,Aggregated,58.400000,0.000000,3800,4400,4800,5200,6200,7300,9400,11000,13000,14000,15000,10728,2,3800,4198.543251304996,691,14779,9900.289429530201
1748395459,500,,Aggregated,57.400000,0.100000,3800,4400,4800,5200,6200,7300,9400,11000,13000,14000,15000,10800,2,3800,4196.412592592593,691,14779,9905.060185185184
1748395460,500,,Aggregated,59.300000,0.100000,3800,4400,4800,5200,6200,7300,9400,11000,13000,14000,15000,10831,2,3800,4194.91515095559,691,14779,9905.22444834272
1748395461,500,,Aggregated,61.000000,0.100000,3800,4400,4800,5200,6200,7300,9400,11000,13000,14000,15000,10887,2,3800,4193.648663543676,691,14779,9904.201341048958
1748395462,500,,Aggregated,59.500000,0.100000,3800,4400,4800,5200,6200,7300,9400,11000,13000,14000,15000,10970,2,3800,4192.134913400182,691,14779,9904.370100273472
1748395463,500,,Aggregated,55.700000,0.100000,3800,4400,4800,5200,6200,7300,9400,11000,13000,14000,15000,11028,2,3800,4191.593035908596,691,14779,9904.308759521218
1748395464,500,,Aggregated,59.200000,0.100000,3800,4400,4800,5200,6200,7300,9400,11000,13000,14000,15000,11087,2,3800,4189.392261206819,691,14779,9900.996121583838
1748395465,500,,Aggregated,58.100000,0.100000,3800,4400,4800,5200,6200,7300,9400,11000,13000,14000,15000,11131,2,3800,4188.581259545414,691,14779,9903.598688347858
1748395466,500,,Aggregated,59.400000,0.100000,3800,4400,4800,5100,6200,7200,9400,11000,13000,14000,15000,11188,2,3800,4186.800947443689,691,14779,9904.235877726134
1748395467,500,,Aggregated,57.000000,0.100000,3800,4400,4800,5100,6200,7200,9300,11000,13000,14000,15000,11257,2,3800,4185.163809185396,691,14779,9912.881584791685
1748395468,500,,Aggregated,57.800000,0.100000,3800,4400,4800,5100,6200,7200,9300,10000,13000,14000,15000,11346,2,3800,4178.9355720077565,691,14779,9917.235677771901
1748395469,500,,Aggregated,59.600000,0.000000,3800,4400,4800,5100,6200,7200,9300,10000,13000,14000,15000,11413,2,3800,4172.071234557084,691,14779,9920.936037851572
1748395470,500,,Aggregated,59.900000,0.000000,3800,4400,4800,5100,6100,7200,9300,10000,13000,14000,15000,11480,3,3800,4165.265940766551,380,14779,9927.138240418119
1748395471,500,,Aggregated,61.400000,0.000000,3800,4400,4800,5100,6100,7200,9300,10000,13000,14000,15000,11513,3,3800,4162.080343959003,380,14779,9930.569616954746
1748395472,500,,Aggregated,64.200000,0.000000,3800,4400,4800,5100,6100,7200,9300,10000,13000,14000,15000,11565,3,3800,4158.253523562473,380,14779,9923.967142239515
1748395473,500,,Aggregated,62.400000,0.100000,3800,4400,4800,5100,6100,7200,9300,10000,13000,14000,15000,11622,3,3800,4154.39072448804,380,14779,9923.15556702805
1748395474,500,,Aggregated,61.100000,0.100000,3800,4400,4800,5100,6100,7200,9300,10000,13000,14000,15000,11696,3,3800,4153.1789500684,380,14779,9928.111234610124
1748395475,500,,Aggregated,58.400000,0.100000,3800,4400,4800,5100,6100,7100,9300,10000,13000,14000,15000,11746,3,3800,4154.255916907883,380,14779,9932.771071002895
1748395476,500,,Aggregated,58.800000,0.100000,3800,4400,4800,5100,6100,7100,9200,10000,13000,14000,15000,11808,3,3800,4153.062161246612,380,14779,9930.263973577235
1748395477,500,,Aggregated,60.000000,0.100000,3800,4400,4800,5100,6100,7100,9200,10000,13000,14000,15000,11855,3,3800,4149.797722479966,380,14779,9927.946520455504
1748395478,500,,Aggregated,60.200000,0.100000,3800,4400,4800,5100,6100,7100,9200,10000,13000,14000,15000,11896,3,3800,4149.37861466039,380,14779,9933.86777067922
1748395479,500,,Aggregated,60.200000,0.100000,3800,4400,4800,5100,6100,7100,9200,10000,13000,14000,15000,11971,3,3800,4148.891487762092,380,14779,9940.775123214435
1748395480,500,,Aggregated,57.400000,0.100000,3800,4400,4800,5100,6100,7100,9100,10000,13000,14000,15000,12031,3,3800,4147.956944559887,380,14779,9942.902335632949
1748395481,500,,Aggregated,55.700000,0.100000,3800,4400,4800,5100,6100,7100,9100,10000,13000,14000,15000,12050,3,3800,4148.606473029045,380,14779,9941.675850622407
1748395482,500,,Aggregated,51.100000,0.100000,3800,4400,4800,5100,6100,7100,9100,10000,13000,14000,15000,12097,3,3800,4151.317847400182,380,14779,9942.017690336446
1748395483,500,,Aggregated,53.100000,0.000000,3800,4400,4800,5100,6100,7100,9100,10000,13000,14000,15000,12240,4,3800,4156.949673202615,380,14779,9950.058088235293
1748395484,500,,Aggregated,52.200000,0.000000,3800,4400,4800,5100,6100,7100,9100,10000,13000,14000,15000,12276,4,3800,4154.511974584555,380,14779,9945.488921472792
1748395485,500,,Aggregated,64.400000,0.100000,3800,4400,4800,5100,6100,7100,9100,10000,13000,14000,15000,12321,4,3800,4152.062900738576,380,14779,9946.750669588508
1748395486,500,,Aggregated,60.800000,0.100000,3800,4400,4800,5100,6100,7100,9100,10000,13000,14000,15000,12399,4,3800,4151.2196144850395,380,14779,9944.40277441729
1748395487,500,,Aggregated,61.200000,0.100000,3800,4400,4800,5100,6100,7100,9100,10000,13000,14000,15000,12447,4,3800,4150.440347071583,380,14779,9950.483972041457
1748395488,500,,Aggregated,58.800000,0.100000,3800,4400,4800,5100,6100,7100,9100,10000,13000,14000,15000,12484,4,3800,4148.840515860301,380,14779,9951.159884652356
1748395489,500,,Aggregated,55.400000,0.100000,3800,4400,4800,5100,6100,7100,9100,10000,13000,14000,15000,12547,4,3800,4147.757790706942,380,14779,9950.389415796604
1748395490,500,,Aggregated,58.500000,0.100000,3800,4400,4800,5100,6100,7100,9100,10000,13000,14000,15000,12601,4,3800,4150.116816125705,380,14779,9961.72621220538
1748395491,500,,Aggregated,55.400000,0.100000,3800,4400,4800,5100,6100,7100,9100,10000,13000,14000,15000,12657,4,3800,4149.239788259461,380,14779,9958.339890969424
1748395492,500,,Aggregated,58.700000,0.100000,3800,4400,4800,5100,6100,7100,9100,10000,13000,14000,15000,12724,4,3800,4150.678560201194,380,14779,9961.541496384785
1748395493,500,,Aggregated,58.200000,0.100000,3800,4400,4800,5100,6100,7100,9100,10000,13000,14000,15000,12786,4,3800,4149.671906773033,380,14779,9961.279602690443
1748395494,500,,Aggregated,60.800000,0.100000,3800,4400,4800,5100,6100,7100,9100,10000,13000,14000,15000,12827,4,3800,4149.82466671864,380,14779,9960.406174475715
1748395495,500,,Aggregated,50.700000,0.000000,3800,4400,4800,5100,6100,7100,9100,10000,13000,14000,15000,12858,4,3800,4149.802379841344,380,14779,9961.361564784569
1748395496,500,,Aggregated,54.200000,0.000000,3800,4400,4800,5100,6100,7100,9100,10000,13000,14000,15000,12916,4,3800,4148.522530195107,380,14779,9959.421570145556
1748395497,500,,Aggregated,54.700000,0.000000,3800,4400,4800,5100,6100,7100,9000,10000,13000,14000,15000,12983,4,3800,4149.985057382732,380,14779,9965.313717938843
1748395498,500,,Aggregated,53.300000,0.000000,3800,4400,4800,5100,6100,7100,9000,10000,13000,14000,15000,13060,4,3800,4151.38124042879,380,14779,9971.049157733538
1748395499,500,,Aggregated,55.600000,0.000000,3800,4400,4800,5100,6100,7100,9000,10000,13000,14000,15000,13124,4,3800,4151.01173422737,380,14779,9973.75045717769
1748395500,500,,Aggregated,57.500000,0.000000,3800,4400,4800,5100,6100,7100,9000,10000,13000,14000,15000,13150,4,3800,4150.723269961977,380,14779,9976.165855513307
1748395501,500,,Aggregated,60.400000,0.000000,3800,4400,4800,5100,6100,7100,9000,10000,13000,14000,15000,13243,4,3800,4147.833874499735,380,14779,9980.100883485615
1748395502,500,,Aggregated,58.100000,0.000000,3800,4400,4800,5100,6100,7100,9000,10000,13000,14000,15000,13289,4,3800,4147.747911806758,380,14779,9980.223041613364
1748395503,500,,Aggregated,59.300000,0.000000,3800,4400,4800,5100,6100,7100,9000,10000,13000,14000,15000,13373,4,3800,4146.58393778509,380,14779,9989.221715396694
1748395504,500,,Aggregated,59.400000,0.000000,3800,4400,4800,5100,6100,7100,8900,10000,13000,14000,15000,13454,4,3800,4142.092834844656,380,14779,9988.725211832912
1748395505,500,,Aggregated,62.600000,0.000000,3800,4300,4800,5100,6100,7100,8900,10000,13000,14000,15000,13503,4,3800,4139.4054654521215,380,14779,9989.476116418573
1748395506,500,,Aggregated,60.200000,0.000000,3800,4300,4800,5100,6100,7100,8900,10000,13000,14000,15000,13523,4,3800,4139.0422243585,380,14779,9988.573097685425
1748395507,500,,Aggregated,61.000000,0.000000,3800,4300,4700,5100,6100,7000,8900,10000,13000,14000,15000,13584,4,3800,4136.263250883392,380,14779,9992.488810365136
1748395508,500,,Aggregated,61.700000,0.000000,3800,4300,4700,5100,6100,7000,8900,10000,13000,14000,15000,13661,4,3800,4134.335041358612,380,14779,9999.957909377059
1748395509,500,,Aggregated,62.300000,0.000000,3800,4300,4700,5100,6100,7000,8900,10000,13000,14000,15000,13747,4,3800,4132.80723066851,380,14779,9998.330326616717
1748395510,500,,Aggregated,56.000000,0.000000,3800,4300,4700,5100,6100,7000,8900,10000,13000,14000,15000,13797,4,3800,4129.724505327245,380,14779,9995.601145176488
1748395511,500,,Aggregated,57.500000,0.000000,3800,4300,4700,5100,6100,7000,8900,10000,13000,14000,15000,13835,4,3800,4128.913335742682,380,14779,9994.68080954102
1748395512,500,,Aggregated,61.300000,0.000000,3800,4300,4700,5100,6000,7000,8900,10000,13000,14000,15000,13928,4,3800,4124.923319931074,380,14779,9994.776924181504
1748395513,500,,Aggregated,59.900000,0.000000,3800,4300,4700,5100,6000,7000,8800,10000,13000,14000,15000,13993,4,3800,4122.9101693704,380,14779,9997.763810476667
1748395514,500,,Aggregated,61.500000,0.000000,3800,4300,4700,5000,6000,7000,8800,10000,13000,14000,15000,14049,4,3800,4120.7282368851875,380,14779,9997.699765107836
1748395515,500,,Aggregated,57.500000,0.000000,3800,4300,4700,5000,6000,7000,8800,10000,13000,14000,15000,14091,4,3800,4117.269178908523,380,14779,9993.97253566106
1748395516,500,,Aggregated,59.800000,0.000000,3800,4300,4700,5000,6000,7000,8800,10000,13000,14000,15000,14145,4,3800,4114.2726758571935,380,14779,10002.69749027925
1748395517,500,,Aggregated,60.000000,0.000000,3800,4300,4700,5000,6000,7000,8800,10000,13000,14000,15000,14239,4,3800,4107.240466324883,380,14779,10000.684387948591
1748395518,500,,Aggregated,62.500000,0.000000,3800,4300,4700,5000,6000,7000,8800,10000,13000,14000,15000,14298,4,3800,4103.088124213176,380,14779,10004.015526647083
1748395519,500,,Aggregated,64.800000,0.000000,3800,4300,4700,5000,6000,7000,8800,10000,13000,14000,15000,14360,4,3800,4098.305153203342,380,14779,10009.141504178273
1748395520,500,,Aggregated,68.000000,0.000000,3800,4300,4700,5000,6000,7000,8800,10000,13000,14000,15000,14396,4,3800,4095.5994720755766,380,14779,10011.62475687691
1748395521,500,,Aggregated,63.400000,0.000000,3800,4300,4700,5000,6000,7000,8700,10000,13000,14000,15000,14467,4,3800,4092.965092970208,380,14779,10007.922997165964
1748395522,500,,Aggregated,61.000000,0.000000,3800,4300,4700,5000,6000,7000,8700,10000,13000,14000,15000,14529,4,3800,4090.3531557574506,380,14779,10012.550898203594
1748395523,500,,Aggregated,58.500000,0.000000,3800,4300,4700,5000,6000,7000,8700,10000,13000,14000,15000,14577,4,3800,4089.156959593881,380,14779,10016.058859847706
1748395524,500,,Aggregated,57.900000,0.000000,3800,4300,4700,5000,6000,6900,8700,10000,13000,14000,15000,14621,4,3800,4088.889610833732,380,14779,10014.773886875042
1748395525,500,,Aggregated,61.500000,0.000000,3800,4300,4700,5000,6000,6900,8700,10000,13000,14000,15000,14685,4,3800,4089.4264896152536,380,14779,10011.34531835206
1748395526,500,,Aggregated,57.800000,0.000000,3800,4300,4700,5000,6000,6900,8700,10000,13000,14000,15000,14725,4,3800,4090.028794567063,380,14779,10009.379015280136
1748395527,500,,Aggregated,56.000000,0.000000,3800,4300,4700,5000,6000,6900,8700,10000,13000,14000,15000,14796,4,3800,4091.8394160583944,380,14779,10018.036158421195
1748395528,500,,Aggregated,55.200000,0.000000,3800,4300,4700,5000,6000,6900,8700,10000,13000,14000,15000,14880,4,3800,4092.0095430107526,380,14779,10024.451545698925
1748395529,500,,Aggregated,53.400000,0.000000,3800,4300,4700,5000,6000,6900,8700,10000,13000,14000,15000,14941,4,3800,4090.2339200856704,380,14779,10022.942440265042
1748395530,500,,Aggregated,58.200000,0.000000,3800,4300,4700,5000,6000,6900,8700,10000,13000,14000,15000,14987,4,3800,4088.9717755388,380,14779,10021.972242610262
1748395531,500,,Aggregated,58.500000,0.000000,3800,4300,4700,5000,6000,6900,8700,10000,13000,14000,15000,15038,4,3800,4090.492286208272,380,14779,10027.848849581062
1748395532,500,,Aggregated,58.000000,0.000000,3800,4300,4700,5000,6000,6900,8700,10000,13000,14000,15000,15099,4,3800,4088.9289356911054,380,14779,10021.778991986224
1748395533,500,,Aggregated,60.700000,0.000000,3800,4300,4700,5000,6000,6900,8700,10000,13000,14000,15000,15129,4,3800,4089.169409742878,380,14779,10024.845264062396
1748395534,500,,Aggregated,59.600000,0.000000,3800,4300,4700,5000,6000,6900,8700,10000,13000,14000,15000,15231,4,3800,4089.9315212395773,380,14779,10032.827063226316
1748395535,500,,Aggregated,56.100000,0.000000,3800,4300,4700,5000,6000,6900,8700,10000,13000,14000,15000,15316,4,3800,4086.9473100026116,380,14779,10030.126338469574
1748395536,500,,Aggregated,63.000000,0.000000,3800,4300,4700,5000,6000,6900,8700,10000,13000,14000,15000,15355,4,3800,4085.444610875936,380,14779,10031.722305437968
1748395537,500,,Aggregated,64.000000,0.000000,3800,4300,4700,5000,6000,6900,8700,10000,13000,14000,15000,15391,4,3800,4084.853290884283,380,14779,10029.76791631473
1748395538,500,,Aggregated,64.600000,0.000000,3800,4300,4700,5000,6000,6900,8600,10000,13000,14000,15000,15442,4,3800,4083.9898976816476,380,14779,10028.090597072918
1748395539,500,,Aggregated,60.500000,0.000000,3800,4300,4700,5000,6000,6900,8600,10000,13000,14000,15000,15483,4,3800,4084.3503842924497,380,14779,10036.200607117484
1748395540,500,,Aggregated,52.800000,0.000000,3800,4300,4700,5000,6000,6900,8600,10000,13000,14000,15000,15543,4,3800,4085.4817602779385,380,14779,10042.015762722769
1748395541,500,,Aggregated,55.100000,0.000000,3800,4300,4700,5000,6000,6900,8600,10000,13000,14000,15000,15621,4,3800,4086.7468151846874,380,14779,10039.060239421291
1748395542,500,,Aggregated,56.700000,0.000000,3800,4300,4700,5000,5900,6900,8600,10000,13000,14000,15000,15683,4,3800,4086.5692788369574,380,14779,10035.296244341007
1748395543,500,,Aggregated,57.800000,0.000000,3800,4300,4700,5000,5900,6900,8600,10000,13000,14000,15000,15737,4,3800,4087.5332655525194,380,14779,10037.121878375803
1748395544,500,,Aggregated,58.400000,0.000000,3800,4300,4700,5000,5900,6900,8600,10000,13000,14000,15000,15800,4,3800,4087.2641772151896,380,14779,10041.481898734177
1748395545,500,,Aggregated,57.200000,0.000000,3800,4300,4700,5000,5900,6900,8600,10000,13000,14000,15000,15868,4,3800,4086.584194605495,380,14779,10042.07883791278
1748395546,500,,Aggregated,56.200000,0.000000,3800,4300,4700,5000,5900,6900,8600,10000,13000,14000,15000,15921,4,3800,4086.64292443942,380,14779,10050.529614973933
1748395547,500,,Aggregated,59.400000,0.000000,3800,4300,4700,5000,5900,6900,8600,10000,13000,14000,15000,15998,4,3800,4086.721215151894,380,14779,10055.060945118139
1748395548,500,,Aggregated,56.500000,0.000000,3800,4300,4700,5000,5900,6800,8600,10000,13000,14000,15000,16073,4,3800,4084.5671001057676,380,14779,10056.463074721583
1748395549,500,,Aggregated,58.000000,0.000000,3800,4300,4700,5000,5900,6800,8500,10000,13000,14000,15000,16119,4,3800,4083.399218313791,380,14779,10060.607978162418
1748395550,500,,Aggregated,62.000000,0.000000,3800,4300,4700,5000,5900,6800,8500,10000,13000,14000,15000,16164,4,3800,4081.8621628309825,380,14779,10059.04126453848
1748395551,500,,Aggregated,62.500000,0.000000,3800,4300,4700,5000,5900,6800,8500,10000,13000,14000,15000,16196,4,3800,4080.696036058286,380,14779,10059.081686836256
1748395552,500,,Aggregated,62.900000,0.000000,3800,4300,4700,5000,5900,6800,8500,10000,13000,14000,15000,16288,4,3800,4078.759761787819,380,14779,10056.666441552063
1748395553,500,,Aggregated,61.200000,0.000000,3800,4300,4700,5000,5900,6800,8500,10000,13000,14000,15000,16352,4,3800,4075.8224681996085,380,14779,10055.001284246575
1748395554,500,,Aggregated,61.700000,0.000000,3800,4300,4700,5000,5900,6800,8500,10000,13000,14000,15000,16421,4,3800,4073.568601181414,380,14779,10054.645210401315
1748395555,500,,Aggregated,63.500000,0.000000,3800,4300,4700,5000,5900,6800,8500,10000,13000,14000,15000,16468,4,3800,4073.365010930289,380,14779,10063.977714355113
1748395556,500,,Aggregated,58.700000,0.000000,3800,4300,4700,5000,5900,6800,8500,10000,13000,14000,15000,16508,4,3800,4072.5240489459657,380,14779,10062.41252725951
1748395557,500,,Aggregated,57.200000,0.000000,3800,4300,4700,5000,5900,6800,8400,10000,13000,14000,15000,16564,5,3800,4071.574498913306,380,14779,10063.027831441681
1748395558,500,,Aggregated,57.900000,0.000000,3800,4300,4700,5000,5900,6800,8400,10000,13000,14000,15000,16676,5,3800,4072.6231710242264,380,14779,10066.224814104102
1748395559,500,,Aggregated,58.100000,0.000000,3800,4300,4700,5000,5900,6800,8400,9900,13000,14000,15000,16734,5,3800,4070.5126090594,380,14779,10067.749671327836
1748395560,500,,Aggregated,54.400000,0.100000,3800,4300,4700,5000,5900,6800,8400,9900,13000,14000,15000,16762,5,3800,4069.0134232191863,380,14779,10069.476912062999
1748395561,500,,Aggregated,59.900000,0.100000,3800,4300,4700,5000,5900,6800,8400,9900,13000,14000,15000,16801,5,3800,4067.8531635021723,380,14779,10071.707695970477
1748395562,500,,Aggregated,59.700000,0.100000,3800,4300,4700,5000,5900,6800,8400,9900,13000,14000,15000,16826,5,3800,4067.8992036134555,380,14779,10069.428444074647
1748395563,500,,Aggregated,59.100000,0.100000,3800,4300,4700,5000,5900,6800,8400,9900,13000,14000,15000,16884,5,3800,4069.930881307747,380,14779,10074.938521677328
1748395564,500,,Aggregated,53.300000,0.100000,3800,4300,4700,5000,5900,6800,8400,9900,13000,14000,15000,16970,5,3800,4073.599175014732,380,14779,10079.520978196819
1748395565,500,,Aggregated,51.700000,0.100000,3800,4300,4700,5000,5900,6800,8400,9900,13000,14000,15000,17075,5,3800,4072.7738799414346,380,14779,10079.324919472914
1748395566,500,,Aggregated,55.200000,0.100000,3800,4300,4700,5000,5900,6800,8400,9900,13000,14000,15000,17112,5,3800,4071.8472417017297,380,14779,10076.983987844787
1748395567,500,,Aggregated,54.900000,0.100000,3800,4300,4700,5000,5900,6800,8400,9900,13000,14000,15000,17152,5,3800,4071.015275186567,380,14779,10075.797574626866
1748395568,500,,Aggregated,60.800000,0.100000,3800,4300,4700,5000,5900,6800,8400,9900,13000,14000,15000,17164,5,3800,4070.8265555814496,380,14779,10077.250990445118
1748395569,500,,Aggregated,59.200000,0.100000,3800,4300,4700,5000,5900,6800,8400,9900,13000,14000,15000,17204,5,3800,4072.1612415717277,380,14779,10076.359044408277
1748395570,500,,Aggregated,59.200000,0.000000,3800,4300,4700,5000,5900,6800,8400,9900,13000,14000,15000,17249,5,3800,4074.751695750478,380,14779,10078.453533538177
1748395571,500,,Aggregated,49.600000,0.000000,3800,4300,4700,5000,5900,6800,8400,9900,13000,14000,15000,17367,5,3800,4078.104796453043,380,14779,10081.101917429607
1748395572,500,,Aggregated,46.900000,0.000000,3800,4300,4700,5000,5900,6800,8400,9900,13000,14000,15000,17444,5,3800,4080.096766796606,380,14779,10083.396869983948
1748395573,500,,Aggregated,49.700000,0.000000,3800,4300,4700,5000,5900,6800,8400,9900,13000,14000,15000,17470,6,3800,4078.6240984544934,380,14779,10080.73400114482
1748395574,500,,Aggregated,61.100000,0.000000,3800,4300,4700,5000,5900,6800,8400,9900,13000,14000,15000,17518,6,3800,4077.7610457814817,380,14779,10076.944342961526
1748395575,500,,Aggregated,62.100000,0.100000,3800,4300,4700,5000,5900,6800,8400,9900,13000,14000,15000,17585,6,3800,4076.8668183110603,380,14779,10073.861927779357
1748395576,500,,Aggregated,56.200000,0.100000,3800,4300,4700,5000,5900,6800,8400,9900,13000,14000,15000,17637,6,3800,4077.69444916936,380,14779,10081.323751204853
1748395577,500,,Aggregated,58.000000,0.100000,3800,4300,4700,5000,5900,6800,8400,9900,13000,14000,15000,17677,6,3800,4078.2355603326355,380,14779,10081.366182044465
1748395578,500,,Aggregated,51.500000,0.100000,3800,4300,4700,5000,5900,6800,8400,9900,13000,14000,15000,17747,6,3800,4081.66135121429,380,14779,10085.216656336283
1748395579,500,,Aggregated,53.900000,0.100000,3800,4300,4700,5000,5900,6800,8400,9900,13000,14000,15000,17818,6,3800,4083.1462004714335,380,14779,10089.56173532383
1748395580,500,,Aggregated,53.300000,0.100000,3800,4300,4700,5000,5900,6800,8400,9900,13000,14000,15000,17863,6,3800,4083.1449364608407,380,14779,10091.649666909254
1748395581,500,,Aggregated,57.500000,0.100000,3800,4300,4700,5000,5900,6800,8300,9900,13000,14000,15000,17925,6,3800,4083.329930264993,380,14779,10090.039218967922
1748395582,500,,Aggregated,61.600000,0.100000,3800,4300,4700,5000,5900,6800,8300,9900,13000,14000,15000,17962,6,3800,4084.39032401737,380,14779,10088.56714174368
1748395583,500,,Aggregated,61.200000,0.100000,3800,4300,4700,5000,5900,6800,8300,9800,13000,14000,15000,18018,6,3800,4086.0155955155956,380,14779,10086.217504717504
1748395584,500,,Aggregated,51.300000,0.100000,3800,4300,4700,5000,5900,6800,8300,9800,13000,14000,15000,18093,6,3800,4088.2186480959485,380,14779,10084.723318410435
1748395585,500,,Aggregated,51.500000,0.000000,3800,4300,4700,5000,5900,6800,8300,9800,13000,14000,15000,18159,6,3800,4089.3610881656477,380,14779,10090.236026212897
1748395586,500,,Aggregated,54.400000,0.000000,3800,4300,4700,5000,5900,6800,8300,9800,13000,14000,15000,18208,6,3800,4090.6544925307558,380,14779,10090.921463093146
1748395587,500,,Aggregated,57.200000,0.000000,3800,4300,4700,5000,5900,6800,8300,9800,13000,14000,15000,18271,6,3800,4091.9506321493077,380,14779,10090.14941710908
1748395588,500,,Aggregated,59.000000,0.000000,3800,4300,4700,5000,5900,6800,8300,9800,13000,14000,15000,18328,6,3800,4092.7041139240505,380,14779,10092.362996508075
1748395589,500,,Aggregated,57.300000,0.000000,3800,4300,4700,5000,5900,6800,8300,9800,13000,14000,15000,18370,6,3800,4093.7893848666304,380,14779,10093.113336962439
1748395590,500,,Aggregated,62.300000,0.000000,3800,4300,4700,5000,5900,6800,8300,9800,13000,14000,15000,18467,6,3800,4094.263442898143,380,14779,10096.458547679646
1748395591,500,,Aggregated,59.100000,0.000000,3800,4300,4700,5000,5900,6800,8300,9800,13000,14000,15000,18494,6,3800,4094.326267978804,380,14779,10096.645993295122
1748395592,500,,Aggregated,60.000000,0.000000,3800,4300,4700,5000,5900,6800,8300,9800,13000,14000,15000,18609,6,3800,4095.919931216078,380,14779,10102.224407544736
1748395593,500,,Aggregated,58.100000,0.000000,3800,4300,4700,5000,5900,6800,8300,9800,13000,14000,15000,18647,6,3800,4095.779750093849,380,14779,10104.15605727463
1748395594,500,,Aggregated,60.000000,0.000000,3800,4300,4700,5000,5900,6800,8300,9800,13000,14000,15000,18688,6,3800,4095.043182791096,380,14779,10105.851348458904
1748395595,500,,Aggregated,64.600000,0.000000,3800,4300,4700,5000,5900,6800,8300,9800,13000,14000,15000,18736,6,3800,4093.350715200683,380,14779,10101.649071306576
1748395596,500,,Aggregated,63.600000,0.000000,3800,4300,4700,5000,5900,6800,8300,9800,13000,14000,15000,18783,6,3800,4094.0204440185275,380,14779,10103.139860512165
1748395597,500,,Aggregated,58.500000,0.000000,3800,4300,4700,5000,5900,6800,8300,9800,13000,14000,15000,18832,6,3800,4094.216121495327,380,14779,10103.821898895498
1748395598,500,,Aggregated,57.900000,0.000000,3800,4300,4700,5000,5900,6800,8300,9800,13000,14000,15000,18937,6,3800,4096.996990019538,380,14779,10103.719490943655
1748395599,500,,Aggregated,55.500000,0.000000,3800,4300,4700,5000,5900,6800,8300,9800,13000,14000,15000,18980,6,3800,4097.506059009484,380,14779,10105.744204425711
1748395600,500,,Aggregated,51.600000,0.000000,3800,4300,4700,5000,5900,6800,8300,9800,13000,14000,15000,19049,6,3800,4097.2354979264,380,14779,10107.458921728175
1748395601,500,,Aggregated,58.800000,0.000000,3800,4300,4700,5000,5900,6800,8300,9800,13000,14000,15000,19110,6,3800,4097.474358974359,380,14779,10107.705075876504
1748395602,500,,Aggregated,58.300000,0.000000,3800,4300,4700,5000,5900,6800,8300,9800,13000,14000,15000,19148,6,3800,4097.365677877585,380,14779,10108.759191560477
1748395603,500,,Aggregated,58.300000,0.000000,3800,4300,4700,5000,5900,6800,8200,9700,13000,14000,15000,19227,6,3800,4096.602330056691,380,14779,10109.52842357102
1748395604,500,,Aggregated,60.000000,0.000000,3800,4300,4700,5000,5900,6800,8200,9700,13000,14000,15000,19275,6,3800,4097.255927367056,380,14779,10111.723683527885
1748395605,500,,Aggregated,56.100000,0.000000,3800,4300,4700,5000,5900,6800,8200,9700,13000,14000,15000,19300,6,3800,4097.853316062176,380,14779,10115.266580310881
1748395606,500,,Aggregated,57.400000,0.000000,3800,4300,4700,5000,5900,6800,8200,9700,13000,14000,15000,19385,6,3800,4097.575754449316,380,14779,10112.908640701573
1748395607,500,,Aggregated,56.300000,0.000000,3800,4300,4700,5000,5900,6800,8200,9700,13000,14000,15000,19435,6,3800,4097.981219449447,380,14779,10115.416825315153
1748395608,500,,Aggregated,54.200000,0.000000,3800,4300,4700,5000,5900,6800,8200,9700,13000,14000,15000,19493,6,3800,4096.839480839276,380,14779,10112.038321448725
1748395609,500,,Aggregated,60.200000,0.000000,3800,4300,4700,5000,5900,6800,8200,9700,13000,14000,15000,19550,6,3800,4096.174680306905,380,14779,10116.193299232737
1748395610,500,,Aggregated,63.700000,0.000000,3800,4300,4700,5000,5900,6800,8200,9700,13000,14000,15000,19620,6,3800,4095.688634046891,380,14779,10118.003516819572
1748395611,500,,Aggregated,57.000000,0.000000,3800,4300,4700,5000,5900,6800,8200,9700,13000,14000,15000,19678,6,3800,4095.669275332859,380,14779,10117.66378697022
1748395612,500,,Aggregated,57.000000,0.000000,3800,4300,4700,5000,5900,6800,8200,9700,13000,14000,15000,19703,6,3800,4096.3140638481445,380,14779,10119.538547429325
1748395613,500,,Aggregated,56.800000,0.000000,3800,4300,4700,5000,5900,6800,8200,9700,13000,14000,15000,19828,6,3800,4095.5336897316924,380,14779,10117.812487391568
1748395614,500,,Aggregated,55.600000,0.000000,3800,4300,4700,5000,5900,6800,8200,9700,13000,14000,15000,19893,6,3800,4093.305082189715,380,14779,10121.150957623284
1748395615,500,,Aggregated,52.300000,0.000000,3800,4300,4700,5000,5900,6800,8200,9700,13000,14000,15000,19931,6,3800,4091.721689829913,380,14779,10121.966986102052
1748395616,500,,Aggregated,60.200000,0.000000,3800,4300,4700,5000,5900,6800,8100,9700,13000,14000,15000,19973,6,3800,4090.987332899414,380,14779,10120.803684974715
1748395617,500,,Aggregated,61.600000,0.000000,3800,4300,4700,5000,5900,6800,8100,9700,13000,14000,15000,20011,6,3800,4091.7621808005597,380,14779,10123.888561291289
1748395618,500,,Aggregated,62.600000,0.000000,3800,4300,4700,5000,5900,6700,8100,9700,13000,14000,15000,20086,6,3800,4091.156925221547,380,14779,10119.294682863687
1748395619,500,,Aggregated,59.700000,0.000000,3800,4300,4700,5000,5900,6700,8100,9600,13000,14000,15000,20151,6,3800,4091.52235621061,380,14779,10121.705672175078
1748395620,500,,Aggregated,55.600000,0.000000,3800,4300,4700,5000,5900,6700,8100,9600,13000,14000,15000,20181,6,3800,4091.25092909172,380,14779,10123.166592339328
1748395621,500,,Aggregated,58.700000,0.000000,3800,4300,4700,5000,5900,6700,8100,9600,13000,14000,15000,20263,6,3800,4091.8424714997777,380,14779,10122.662586981198
1748395622,500,,Aggregated,57.900000,0.000000,3800,4300,4700,5000,5900,6700,8100,9600,13000,14000,15000,20324,6,3800,4092.27046841173,380,14779,10122.86739814997
1748395623,500,,Aggregated,57.100000,0.000000,3800,4300,4700,5000,5900,6700,8100,9600,13000,14000,15000,20400,6,3800,4091.19,380,14779,10126.067745098038
1748395624,500,,Aggregated,60.300000,0.000000,3800,4300,4700,5000,5900,6700,8100,9600,13000,14000,15000,20436,6,3800,4089.8510471716577,380,14779,10126.683744372676
1748395625,500,,Aggregated,66.300000,0.000000,3800,4300,4700,5000,5900,6700,8100,9600,13000,14000,15000,20504,6,3800,4088.9200643776826,380,14779,10130.17445376512
1748395626,500,,Aggregated,58.700000,0.000000,3800,4300,4700,5000,5900,6700,8100,9600,13000,14000,15000,20587,6,3800,4087.635886724632,380,14779,10127.264875892553
1748395627,500,,Aggregated,58.300000,0.000000,3800,4300,4700,5000,5900,6700,8100,9600,13000,14000,15000,20620,6,3800,4087.9037827352086,380,14779,10131.574733268671
1748395628,500,,Aggregated,58.100000,0.000000,3800,4300,4700,5000,5900,6700,8100,9600,13000,14000,15000,20645,6,3800,4087.5621215790748,380,14779,10132.361830951804
1748395629,500,,Aggregated,59.800000,0.000000,3800,4300,4700,5000,5900,6700,8100,9600,13000,14000,15000,20720,6,3800,4086.893388030888,380,14779,10129.425096525096
1748395630,500,,Aggregated,59.500000,0.000000,3800,4300,4700,5000,5800,6700,8100,9600,13000,14000,15000,20852,6,3800,4085.059898331095,380,14779,10136.375215806638
1748395631,500,,Aggregated,56.400000,0.000000,3800,4300,4700,5000,5800,6700,8100,9600,13000,14000,15000,20880,6,3800,4083.926197318008,380,14779,10136.673754789272
1748395632,500,,Aggregated,56.300000,0.000000,3800,4300,4700,5000,5800,6700,8100,9600,13000,14000,15000,20898,6,3800,4082.9625801512107,380,14779,10135.396497272466
1748395633,500,,Aggregated,66.600000,0.000000,3800,4300,4700,5000,5800,6700,8100,9600,13000,14000,15000,20960,6,3800,4081.6677480916032,380,14779,10132.816841603053
1748395634,500,,Aggregated,59.800000,0.000000,3800,4300,4700,5000,5800,6700,8100,9600,13000,14000,15000,21018,6,3800,4081.4625083261967,380,14779,10132.062042059188
1748395635,500,,Aggregated,57.100000,0.000000,3800,4300,4700,5000,5800,6700,8100,9600,13000,14000,15000,21081,6,3800,4081.6666666666665,380,14779,10132.892462406906
1748395636,500,,Aggregated,55.800000,0.000000,3800,4300,4700,5000,5800,6700,8000,9600,13000,14000,15000,21163,6,3800,4079.7799461324007,380,14779,10132.763313329868
1748395637,500,,Aggregated,54.800000,0.000000,3800,4300,4700,5000,5800,6700,8000,9500,13000,14000,15000,21232,6,3800,4078.6624905802564,380,14779,10136.566597588546
1748395638,500,,Aggregated,59.100000,0.000000,3800,4300,4700,5000,5800,6700,8000,9500,13000,14000,15000,21297,6,3800,4076.591303939522,380,14779,10136.069305535992
1748395639,500,,Aggregated,60.400000,0.000000,3800,4300,4700,5000,5800,6700,8000,9500,13000,14000,15000,21349,6,3800,4074.3541617874375,380,14779,10136.641435196028
1748395640,500,,Aggregated,62.800000,0.000000,3800,4300,4700,5000,5800,6700,8000,9500,13000,14000,15000,21405,6,3800,4072.079327259986,380,14779,10137.865965895819
1748395641,500,,Aggregated,64.500000,0.000000,3800,4300,4700,5000,5800,6700,8000,9500,13000,14000,15000,21471,6,3800,4070.294862838247,380,14779,10142.285454799498
1748395642,500,,Aggregated,63.800000,0.000000,3800,4300,4700,5000,5800,6700,8000,9500,13000,14000,15000,21549,6,3800,4067.2081767135364,380,14779,10138.040790755951
1748395643,500,,Aggregated,54.400000,0.000000,3800,4300,4700,4900,5800,6700,8000,9500,13000,14000,15000,21607,6,3800,4064.825380663674,380,14779,10138.811959087332
1748395644,500,,Aggregated,59.000000,0.000000,3800,4300,4700,4900,5800,6700,8000,9500,13000,14000,15000,21675,6,3800,4063.0521337946943,380,14779,10141.438708189158
1748395645,500,,Aggregated,61.600000,0.000000,3800,4300,4700,4900,5800,6700,8000,9500,13000,14000,15000,21708,6,3800,4061.5644462870832,380,14779,10142.558826239174
1748395646,500,,Aggregated,64.200000,0.000000,3800,4300,4700,4900,5800,6700,8000,9500,13000,14000,15000,21747,6,3800,4061.30965190601,380,14779,10142.87230422587
1748395647,500,,Aggregated,65.700000,0.000000,3800,4300,4700,4900,5800,6700,8000,9400,13000,14000,15000,21831,6,3800,4059.38106362512,380,14779,10138.10251477257
1748395648,500,,Aggregated,61.600000,0.000000,3800,4300,4700,4900,5800,6700,8000,9400,13000,14000,15000,21872,6,3800,4058.65636430139,380,14779,10139.248902706657
1748395649,500,,Aggregated,60.200000,0.000000,3800,4300,4700,4900,5800,6700,8000,9400,13000,14000,15000,21908,6,3800,4059.1811210516707,380,14779,10140.29263282819
1748395650,500,,Aggregated,59.300000,0.000000,3800,4300,4700,4900,5800,6700,8000,9400,12000,14000,15000,22004,6,3800,4062.5749863661154,380,14779,10142.914879112888
1748395651,500,,Aggregated,57.100000,0.000000,3800,4300,4700,5000,5800,6700,8000,9400,12000,14000,15000,22057,6,3800,4063.9999546629188,380,14779,10144.173232987261
1748395652,500,,Aggregated,54.500000,0.000000,3800,4300,4700,5000,5800,6700,8000,9400,12000,14000,15000,22104,6,3800,4064.771670285921,380,14779,10143.958559536735
1748395653,500,,Aggregated,60.500000,0.000000,3800,4300,4700,5000,5800,6700,8000,9400,12000,14000,15000,22172,6,3800,4066.1416200613385,380,14779,10145.128720909255
1748395654,500,,Aggregated,59.700000,0.000000,3800,4300,4700,5000,5800,6700,8000,9400,12000,14000,15000,22230,6,3800,4066.576743139901,380,14779,10147.95811965812
1748395655,500,,Aggregated,55.300000,0.000000,3800,4300,4700,5000,5800,6700,8000,9400,12000,14000,15000,22283,6,3800,4065.6729345240765,380,14779,10146.50262531975
1748395656,500,,Aggregated,57.400000,0.000000,3800,4300,4700,5000,5800,6700,8000,9400,12000,14000,15000,22329,6,3800,4065.980294684043,380,14779,10150.420932419724
1748395657,500,,Aggregated,55.700000,0.000000,3800,4300,4700,5000,5800,6700,8000,9400,12000,14000,15000,22376,6,3800,4067.0571147658206,380,14779,10154.080264569182
1748395658,500,,Aggregated,56.500000,0.000000,3800,4300,4700,5000,5800,6700,8000,9400,12000,14000,15000,22441,6,3800,4068.1139432289115,380,14779,10154.397664988192
1748395659,500,,Aggregated,55.100000,0.000000,3800,4300,4700,5000,5800,6700,8000,9400,12000,14000,15000,22507,6,3800,4070.570755764873,380,14779,10153.376993824144
1748395660,500,,Aggregated,53.500000,0.000000,3800,4300,4700,5000,5800,6700,8000,9400,12000,14000,15000,22587,6,3800,4070.747952361978,380,14779,10159.772966750787
1748395661,500,,Aggregated,56.800000,0.000000,3800,4300,4700,5000,5800,6700,8000,9400,12000,14000,15000,22634,6,3800,4068.970707784749,380,14779,10155.970045064947
1748395662,500,,Aggregated,65.400000,0.000000,3800,4300,4700,5000,5800,6700,8000,9400,12000,14000,15000,22672,6,3800,4068.4084333098094,380,14779,10153.445924488356
1748395663,500,,Aggregated,59.000000,0.000000,3800,4300,4700,5000,5800,6700,8000,9400,12000,14000,15000,22759,6,3800,4066.5653587591723,380,14779,10150.559295223868
1748395664,500,,Aggregated,57.100000,0.000000,3800,4300,4700,5000,5800,6700,8000,9400,12000,14000,15000,22815,6,3800,4065.8259040105195,380,14779,10153.820381328074
1748395665,500,,Aggregated,56.600000,0.000000,3800,4300,4700,5000,5800,6700,8000,9400,12000,14000,15000,22840,6,3800,4066.673642732049,380,14779,10158.708931698775
1748395666,500,,Aggregated,57.000000,0.000000,3800,4300,4700,5000,5800,6700,8000,9400,12000,14000,15000,22903,7,3800,4066.7113915207615,380,14779,10155.664454438283
1748395667,500,,Aggregated,57.200000,0.000000,3800,4300,4700,5000,5800,6700,8000,9400,12000,14000,15000,22947,7,3800,4067.7829781670807,380,14779,10159.356735085197
1748395668,500,,Aggregated,57.500000,0.000000,3800,4300,4700,5000,5800,6700,8000,9400,12000,14000,15000,22989,7,3800,4067.9405367784593,380,14779,10160.826395232503
1748395669,500,,Aggregated,55.900000,0.100000,3800,4300,4700,5000,5800,6700,8000,9300,12000,14000,15000,23114,7,3800,4069.469369213464,380,14779,10164.891061694212
1748395670,500,,Aggregated,57.600000,0.100000,3800,4300,4700,5000,5800,6700,8000,9300,12000,14000,15000,23152,7,3800,4068.7754405666897,380,14779,10163.91158431237
1748395671,500,,Aggregated,59.400000,0.100000,3800,4300,4700,5000,5800,6700,8000,9300,12000,14000,15000,23182,7,3800,4068.3591148304718,380,14779,10165.263911655595
1748395672,500,,Aggregated,56.300000,0.100000,3800,4300,4700,5000,5800,6700,8000,9300,12000,14000,15000,23234,7,3800,4067.645046053198,380,14779,10163.221184471035
1748395673,500,,Aggregated,55.600000,0.100000,3800,4300,4700,5000,5800,6700,7900,9300,12000,14000,15000,23288,7,3800,4067.660640673308,380,14779,10163.323170731708
1748395674,500,,Aggregated,55.400000,0.100000,3800,4300,4700,5000,5800,6700,8000,9300,12000,14000,15000,23413,7,3800,4068.1933968308203,380,14779,10163.694913082476
1748395675,500,,Aggregated,57.000000,0.100000,3800,4300,4700,5000,5800,6700,8000,9300,12000,14000,15000,23442,7,3800,4069.1231550209027,380,14779,10169.109845576317
1748395676,500,,Aggregated,52.200000,0.100000,3800,4300,4700,5000,5800,6700,8000,9300,12000,14000,15000,23499,7,3800,4068.358568449721,380,14779,10171.618451849015
1748395677,500,,Aggregated,60.800000,0.100000,3800,4300,4700,5000,5800,6700,7900,9300,12000,14000,15000,23529,7,3800,4067.946704067321,380,14779,10170.263802116537
1748395678,500,,Aggregated,58.200000,0.100000,3800,4300,4700,5000,5800,6700,7900,9300,12000,14000,15000,23605,7,3800,4066.867994069053,380,14779,10169.487227282356
1748395679,500,,Aggregated,59.700000,0.000000,3800,4300,4700,5000,5800,6700,7900,9300,12000,14000,15000,23686,7,3800,4065.501815418391,380,14779,10169.961074052182
1748395680,500,,Aggregated,61.100000,0.000000,3800,4300,4700,5000,5800,6700,7900,9300,12000,14000,15000,23750,7,3800,4064.508547368421,380,14779,10172.072842105263
1748395681,500,,Aggregated,61.400000,0.000000,3800,4300,4700,5000,5800,6700,7900,9300,12000,14000,15000,23781,7,3800,4063.0875488835627,380,14779,10169.147302468356
1748395682,500,,Aggregated,57.000000,0.000000,3800,4300,4700,5000,5800,6700,7900,9300,12000,14000,15000,23842,7,3800,4062.0213908229175,380,14779,10168.051673517322
1748395683,500,,Aggregated,61.000000,0.000000,3800,4300,4700,5000,5800,6700,7900,9300,12000,14000,15000,23911,7,3800,4061.743925389988,380,14779,10170.063903642675
1748395684,500,,Aggregated,58.100000,0.000000,3800,4300,4700,5000,5800,6700,7900,9300,12000,14000,15000,23969,7,3800,4062.6241395135385,380,14779,10172.820393007634
1748395685,500,,Aggregated,60.200000,0.000000,3800,4300,4700,5000,5800,6700,7900,9300,12000,14000,15000,24059,7,3800,4061.2299763082424,380,14779,10176.42059104701
1748395686,500,,Aggregated,62.300000,0.000000,3800,4300,4700,5000,5800,6700,7900,9300,12000,14000,15000,24078,7,3800,4061.043940526622,380,14779,10176.235443143118
1748395687,500,,Aggregated,57.600000,0.000000,3800,4300,4700,5000,5800,6700,7900,9300,12000,14000,15000,24145,7,3800,4060.261420583972,380,14779,10171.887802857735
1748395688,500,,Aggregated,61.600000,0.000000,3800,4300,4700,5000,5800,6700,7900,9300,12000,14000,15000,24202,7,3800,4059.177464672341,380,14779,10170.347450623914
1748395689,500,,Aggregated,58.000000,0.000000,3800,4300,4700,4900,5800,6700,7900,9300,12000,14000,15000,24253,7,3800,4057.99088772523,380,14779,10166.619057436194
1748395690,500,,Aggregated,60.400000,0.000000,3800,4300,4700,5000,5800,6700,7900,9300,12000,14000,15000,24303,7,3800,4058.135045056166,380,14779,10167.767477266181
1748395691,500,,Aggregated,56.500000,0.000000,3800,4300,4700,5000,5800,6700,7900,9300,12000,14000,15000,24405,7,3800,4058.1102233148945,380,14779,10170.036959639418
1748395692,500,,Aggregated,56.900000,0.000000,3800,4300,4700,5000,5800,6700,7900,9300,12000,14000,15000,24439,7,3800,4059.4007938131676,380,14779,10175.171938295347
1748395693,500,,Aggregated,54.400000,0.000000,3800,4300,4700,5000,5800,6700,7900,9300,12000,14000,15000,24469,7,3800,4059.3506886264254,380,14779,10177.859577424497
1748395694,500,,Aggregated,62.700000,0.000000,3800,4300,4700,5000,5800,6700,7900,9300,12000,14000,15000,24552,7,3800,4059.8172857608342,380,14779,10181.531728576083
1748395695,500,,Aggregated,61.700000,0.000000,3800,4300,4700,5000,5800,6700,7900,9300,12000,14000,15000,24622,7,3800,4059.7915685159614,380,14779,10182.768459101617
1748395696,500,,Aggregated,56.900000,0.000000,3800,4300,4700,5000,5800,6700,7900,9200,12000,14000,15000,24708,7,3800,4058.774647887324,380,14779,10182.134490853165
1748395697,500,,Aggregated,57.400000,0.000000,3800,4300,4700,5000,5800,6700,7900,9200,12000,14000,15000,24760,7,3800,4057.311510500808,380,14779,10179.152544426493
1748395698,500,,Aggregated,56.700000,0.000000,3800,4300,4700,4900,5800,6700,7900,9200,12000,14000,15000,24797,7,3800,4056.4199298302215,380,14779,10178.907650118967
1748395699,500,,Aggregated,63.000000,0.000000,3800,4300,4700,4900,5800,6700,7900,9200,12000,14000,15000,24871,7,3800,4055.289895862651,380,14779,10180.690322061839
1748395700,500,,Aggregated,59.300000,0.000000,3800,4300,4700,4900,5800,6700,7900,9200,12000,14000,15000,24965,7,3800,4053.4978569997998,380,14779,10181.198598037252
1748395701,500,,Aggregated,58.100000,0.000000,3800,4300,4700,4900,5800,6700,7900,9200,12000,14000,15000,24975,7,3800,4053.3364564564563,380,14779,10182.772172172172
1748395702,500,,Aggregated,60.700000,0.000000,3800,4300,4700,4900,5800,6600,7900,9200,12000,14000,15000,25025,7,3800,4052.3347852147854,380,14779,10185.91036963037
1748395703,500,,Aggregated,65.400000,0.000000,3800,4300,4700,4900,5800,6600,7800,9200,12000,14000,15000,25078,8,3800,4051.7428423319243,97,14779,10186.64710104474
1748395704,500,,Aggregated,58.600000,0.000000,3800,4300,4700,4900,5800,6600,7800,9100,12000,14000,15000,25129,8,3800,4051.4383381750167,97,14779,10186.504357515221
1748395705,500,,Aggregated,56.400000,0.000000,3800,4300,4700,4900,5800,6600,7800,9100,12000,14000,15000,25171,8,3800,4051.6971514838506,97,14779,10187.359421556554
1748395706,500,,Aggregated,59.800000,0.100000,3800,4300,4700,4900,5800,6600,7800,9100,12000,14000,15000,25251,8,3800,4051.2939685557008,97,14779,10186.261692606233
1748395707,500,,Aggregated,55.800000,0.100000,3800,4300,4700,4900,5800,6600,7800,9100,12000,14000,15000,25318,8,3800,4050.855596808595,97,14779,10186.308673670907
1748395708,500,,Aggregated,55.200000,0.100000,3800,4300,4700,4900,5800,6600,7800,9100,12000,14000,15000,25375,8,3800,4050.6688078817733,97,14779,10189.64693596059
1748395709,500,,Aggregated,54.400000,0.100000,3800,4300,4700,4900,5800,6600,7800,9100,12000,14000,15000,25412,8,3800,4050.416968361404,97,14779,10188.676215960963
1748395710,500,,Aggregated,56.800000,0.100000,3800,4300,4700,4900,5800,6600,7800,9100,12000,14000,15000,25450,8,3800,4050.9226719056974,97,14779,10189.249351669941
1748395711,500,,Aggregated,57.800000,0.100000,3800,4300,4700,4900,5800,6600,7800,9100,12000,14000,15000,25544,8,3800,4052.4558409019733,97,14779,10188.880010961479
1748395712,500,,Aggregated,54.100000,0.100000,3800,4300,4700,4900,5800,6600,7800,9100,12000,14000,15000,25587,8,3800,4053.3744088795092,97,14779,10185.955641536719
1748395713,500,,Aggregated,48.400000,0.100000,3800,4300,4700,4900,5800,6600,7800,9100,12000,14000,15000,25639,8,3800,4054.1324934669838,97,14779,10185.728109520653
1748395714,500,,Aggregated,55.300000,0.100000,3800,4300,4700,4900,5800,6600,7800,9100,12000,14000,15000,25706,8,3800,4054.1973858243214,97,14779,10188.341282190928
1748395715,500,,Aggregated,57.000000,0.100000,3800,4300,4700,4900,5800,6600,7800,9100,12000,14000,15000,25785,8,3800,4052.785340314136,97,14779,10186.146170254024
1748395716,500,,Aggregated,56.200000,0.000000,3800,4300,4700,4900,5800,6600,7800,9100,12000,14000,15000,25845,8,3800,4051.938015089959,97,14779,10185.95681950087
1748395717,500,,Aggregated,57.500000,0.000000,3800,4300,4700,4900,5800,6600,7800,9100,12000,14000,15000,25891,8,3800,4050.82515159708,97,14779,10186.794870804526
1748395718,500,,Aggregated,60.200000,0.000000,3800,4300,4700,4900,5800,6600,7800,9100,12000,14000,15000,25957,8,3800,4051.204222367762,97,14779,10186.293716531187
1748395719,500,,Aggregated,59.400000,0.000000,3800,4300,4700,4900,5800,6600,7800,9100,12000,14000,15000,26020,8,3800,4051.1537663335894,97,14779,10190.052805534204
1748395720,500,,Aggregated,56.400000,0.000000,3800,4300,4700,4900,5800,6600,7800,9100,12000,14000,15000,26076,8,3800,4051.12501917472,97,14779,10194.596333793526
1748395721,500,,Aggregated,58.500000,0.000000,3800,4300,4700,4900,5800,6600,7800,9100,12000,14000,15000,26133,8,3800,4050.4205793441242,97,14779,10196.851031263153
1748395722,500,,Aggregated,61.800000,0.000000,3800,4300,4700,4900,5800,6600,7800,9100,12000,14000,15000,26199,8,3800,4049.387686552922,97,14779,10195.475094469255
1748395723,500,,Aggregated,63.200000,0.000000,3800,4300,4700,4900,5800,6600,7800,9100,12000,14000,15000,26258,8,3800,4048.758054688095,97,14779,10195.140262015386
1748395724,500,,Aggregated,59.100000,0.000000,3800,4300,4700,4900,5800,6600,7800,9100,12000,14000,15000,26338,8,3800,4047.5013668463816,97,14779,10195.016819804085
1748395725,500,,Aggregated,60.400000,0.000000,3800,4300,4700,4900,5800,6600,7800,9100,12000,14000,15000,26406,8,3800,4045.5638112550178,97,14779,10195.339354692116
1748395726,500,,Aggregated,63.800000,0.000000,3800,4300,4700,4900,5800,6600,7800,9100,12000,14000,15000,26453,8,3800,4044.7023021963482,97,14779,10197.940309227686
1748395727,500,,Aggregated,65.700000,0.000000,3800,4300,4700,4900,5800,6600,7800,9100,12000,14000,15000,26524,8,3800,4042.9988689488764,97,14779,10198.012667772584
1748395728,500,,Aggregated,62.200000,0.000000,3800,4300,4700,4900,5800,6600,7800,9100,12000,14000,15000,26568,8,3800,4042.423667570009,97,14779,10200.969135802468
1748395729,500,,Aggregated,60.500000,0.000000,3800,4300,4700,4900,5800,6600,7800,9100,12000,14000,15000,26656,8,3800,4040.189900960384,97,14779,10202.209633853541
1748395730,500,,Aggregated,63.200000,0.000000,3800,4300,4700,4900,5800,6600,7800,9100,12000,14000,15000,26710,8,3800,4038.5719580681393,97,14779,10205.69232497192
1748395731,500,,Aggregated,62.800000,0.000000,3800,4300,4700,4900,5800,6600,7800,9100,12000,14000,15000,26750,8,3800,4037.648971962617,97,14779,10209.26968224299
1748395732,500,,Aggregated,62.600000,0.000000,3800,4300,4600,4900,5800,6600,7800,9100,12000,14000,15000,26848,8,3800,4035.2199791418357,97,14779,10211.961375148987
1748395733,500,,Aggregated,63.100000,0.000000,3800,4300,4600,4900,5800,6600,7800,9100,12000,14000,15000,26885,8,3800,4033.8884136135393,97,14779,10210.828454528548
1748395734,500,,Aggregated,61.600000,0.000000,3800,4300,4600,4900,5800,6600,7800,9100,12000,14000,15000,26927,8,3800,4032.5501541203994,97,14779,10208.832844356964
1748395735,500,,Aggregated,64.900000,0.000000,3800,4300,4600,4900,5800,6600,7800,9100,12000,14000,15000,26986,8,3800,4031.5006299562738,97,14779,10209.088972059586
1748395736,500,,Aggregated,61.100000,0.000000,3800,4300,4600,4900,5800,6600,7800,9100,12000,14000,15000,27040,8,3800,4031.3123150887573,97,14779,10210.373187869822
1748395737,500,,Aggregated,57.100000,0.000000,3800,4300,4600,4900,5800,6600,7800,9100,12000,14000,15000,27096,8,3800,4031.0747711839385,97,14779,10211.891275465014
1748395738,500,,Aggregated,57.700000,0.000000,3800,4300,4600,4900,5800,6600,7800,9100,12000,14000,15000,27152,8,3800,4030.911387743076,97,14779,10211.560290218033
1748395739,500,,Aggregated,59.600000,0.000000,3800,4300,4600,4900,5800,6600,7800,9000,12000,14000,15000,27211,8,3800,4031.0275991327035,97,14779,10210.708389989342
1748395740,500,,Aggregated,57.200000,0.000000,3800,4300,4600,4900,5800,6600,7800,9000,12000,14000,15000,27260,8,3800,4031.632245047689,97,14779,10210.509684519442
1748395741,500,,Aggregated,56.400000,0.000000,3800,4300,4600,4900,5800,6600,7800,9000,12000,14000,15000,27346,8,3800,4032.669202077086,97,14779,10209.078366123016
1748395742,500,,Aggregated,55.900000,0.000000,3800,4300,4600,4900,5800,6600,7800,9000,12000,14000,15000,27380,8,3800,4033.4115047479913,97,14779,10210.706099342586
1748395743,500,,Aggregated,54.800000,0.000000,3800,4300,4600,4900,5800,6600,7800,9000,12000,14000,15000,27487,8,3800,4034.5364354058283,97,14779,10214.06566740641
1748395744,500,,Aggregated,59.200000,0.000000,3800,4300,4600,4900,5800,6600,7800,9000,12000,14000,15000,27534,8,3800,4033.7147889881603,97,14779,10213.466804677853
1748395746,500,,Aggregated,53.200000,0.000000,3800,4300,4600,4900,5800,6600,7800,9000,12000,14000,15000,27599,8,3800,4032.361281205841,97,14779,10216.422479075329
1748395747,500,,Aggregated,59.900000,0.000000,3800,4300,4600,4900,5800,6600,7800,9000,12000,14000,15000,27668,8,3800,4031.9641824490386,97,14779,10218.65526962556
1748395748,500,,Aggregated,60.500000,0.000000,3800,4300,4600,4900,5800,6600,7800,9000,12000,14000,15000,27719,8,3800,4031.268083264187,97,14779,10218.733864858039
1748395749,500,,Aggregated,61.300000,0.000000,3800,4300,4600,4900,5700,6600,7700,9000,12000,14000,15000,27793,8,3800,4029.715072140467,97,14779,10219.73230669593
1748395750,500,,Aggregated,62.300000,0.000000,3800,4300,4600,4900,5700,6600,7700,9000,12000,14000,15000,27867,8,3800,4027.213047690817,97,14779,10219.824990131698
1748395751,500,,Aggregated,62.300000,0.000000,3800,4300,4600,4900,5700,6600,7700,9000,12000,14000,15000,27924,8,3800,4024.966229766509,97,14779,10220.978119180632
1748395752,500,,Aggregated,64.300000,0.000000,3800,4300,4600,4900,5700,6600,7700,9000,12000,14000,15000,27961,8,3800,4023.928722148707,97,14779,10222.260148063375
1748395753,500,,Aggregated,66.300000,0.000000,3800,4300,4600,4900,5700,6600,7700,9000,12000,14000,15000,28035,8,3800,4021.8571071874444,97,14779,10221.302193686462
1748395754,500,,Aggregated,61.400000,0.000000,3800,4300,4600,4900,5700,6600,7700,9000,12000,14000,15000,28085,8,3800,4021.4299092042015,97,14779,10224.195762862739
1748395755,500,,Aggregated,61.400000,0.000000,3800,4300,4600,4900,5700,6600,7700,9000,12000,14000,15000,28146,8,3800,4020.469338449513,97,14779,10225.647125701698
1748395756,500,,Aggregated,65.100000,0.000000,3800,4300,4600,4900,5700,6600,7700,9000,12000,14000,15000,28190,8,3800,4019.5307555870877,97,14779,10224.553671514721
1748395757,500,,Aggregated,59.600000,0.000000,3800,4300,4600,4900,5700,6600,7700,9000,12000,14000,15000,28276,8,3800,4018.589262979205,97,14779,10226.656705333146
1748395758,500,,Aggregated,60.700000,0.000000,3800,4300,4600,4900,5700,6600,7700,8900,12000,14000,15000,28361,8,3800,4016.5267092133563,97,14779,10224.473749162582
1748395759,500,,Aggregated,60.800000,0.000000,3800,4300,4600,4900,5700,6500,7700,8900,12000,14000,15000,28411,8,3800,4015.0468832494457,97,14779,10225.950793706663
1748395760,500,,Aggregated,64.200000,0.000000,3700,4300,4600,4900,5700,6500,7700,8900,12000,14000,15000,28465,8,3700,4012.871983137186,97,14779,10224.050447918497
1748395761,500,,Aggregated,64.200000,0.000000,3700,4300,4600,4900,5700,6500,7700,8900,12000,14000,15000,28516,8,3700,4011.8330060317016,97,14779,10228.79723663908
1748395762,500,,Aggregated,61.700000,0.000000,3700,4300,4600,4900,5700,6500,7700,8900,12000,14000,15000,28576,8,3700,4010.2927631578946,97,14779,10230.107992721165
1748395763,500,,Aggregated,59.200000,0.000000,3700,4300,4600,4900,5700,6500,7700,8900,12000,14000,15000,28670,8,3700,4009.1747471224276,97,14779,10234.576979420997
1748395764,500,,Aggregated,59.200000,0.000000,3700,4300,4600,4900,5700,6500,7700,8900,12000,14000,15000,28706,8,3700,4008.254058385007,97,14779,10235.06138089598
1748395765,500,,Aggregated,61.600000,0.000000,3700,4300,4600,4900,5700,6500,7700,8900,12000,14000,15000,28749,8,3700,4007.2195902466174,97,14779,10236.871091168388
1748395766,500,,Aggregated,62.200000,0.000000,3700,4300,4600,4900,5700,6500,7700,8900,12000,14000,15000,28791,8,3700,4006.687958042444,97,14779,10235.409051439687
1748395767,500,,Aggregated,60.300000,0.000000,3700,4300,4600,4900,5700,6500,7700,8900,12000,14000,15000,28846,8,3700,4006.449247729321,97,14779,10232.93385564723
1748395768,500,,Aggregated,60.300000,0.000000,3700,4300,4600,4900,5700,6500,7700,8900,12000,14000,15000,28913,8,3700,4006.8351952408952,97,14779,10232.588558779787
1748395769,500,,Aggregated,59.600000,0.000000,3700,4300,4600,4900,5700,6500,7700,8900,12000,14000,15000,28959,8,3700,4006.70976207742,97,14779,10231.67208812459
1748395770,500,,Aggregated,55.200000,0.000000,3700,4300,4600,4900,5700,6500,7700,8900,12000,14000,15000,29062,8,3700,4007.210412222146,97,14779,10233.62136122772
1748395771,500,,Aggregated,54.900000,0.000000,3700,4300,4600,4900,5700,6500,7700,8900,12000,14000,15000,29110,8,3700,4007.146547578152,97,14779,10234.065613191344
1748395772,500,,Aggregated,54.900000,0.000000,3700,4300,4600,4900,5700,6500,7700,8900,12000,14000,15000,29167,8,3700,4006.7347687455,97,14779,10234.542462371859
1748395773,500,,Aggregated,60.300000,0.000000,3700,4300,4600,4900,5700,6500,7700,8900,12000,14000,15000,29231,8,3700,4005.5734665252644,97,14779,10234.587287468783
1748395774,500,,Aggregated,59.100000,0.000000,3700,4200,4600,4900,5700,6500,7700,8900,12000,14000,15000,29278,8,3700,4004.7109092151104,97,14779,10235.988455495593
1748395775,500,,Aggregated,59.100000,0.000000,3700,4200,4600,4900,5700,6500,7700,8900,12000,14000,15000,29349,8,3700,4003.5876520494735,97,14779,10236.906913353096
1748395776,500,,Aggregated,57.200000,0.000000,3700,4200,4600,4900,5700,6500,7700,8900,12000,14000,15000,29431,8,3700,4003.905235975672,97,14779,10239.667425503721
1748395777,500,,Aggregated,60.000000,0.000000,3700,4200,4600,4900,5700,6500,7700,8900,12000,14000,15000,29480,8,3700,4002.733141112619,97,14779,10239.822455902307
1748395778,500,,Aggregated,60.000000,0.000000,3700,4200,4600,4900,5700,6500,7700,8800,12000,14000,15000,29512,8,3700,4002.3179723502303,97,14779,10242.547777175387
1748395779,500,,Aggregated,63.900000,0.000000,3700,4200,4600,4900,5700,6500,7700,8800,12000,14000,15000,29560,8,3700,4001.899932341001,97,14779,10242.8299729364
1748395780,500,,Aggregated,64.100000,0.000000,3700,4200,4600,4900,5700,6500,7700,8800,12000,14000,15000,29639,8,3700,4001.9871115759643,97,14779,10241.054421539187
1748395781,500,,Aggregated,59.900000,0.000000,3700,4200,4600,4900,5700,6500,7700,8800,12000,14000,15000,29711,8,3700,4000.0992225101813,97,14779,10237.648009154858
1748395782,500,,Aggregated,60.100000,0.000000,3700,4200,4600,4900,5700,6500,7700,8800,12000,14000,15000,29751,8,3700,3999.8965076804143,97,14779,10240.611844980001
1748395783,500,,Aggregated,57.800000,0.000000,3700,4200,4600,4900,5700,6500,7700,8800,12000,14000,15000,29777,8,3700,3999.9171508211034,97,14779,10242.972831379924
1748395784,500,,Aggregated,58.400000,0.000000,3700,4200,4600,4900,5700,6500,7700,8800,12000,14000,15000,29872,8,3700,4001.1980449919656,97,14779,10247.928427959292
1748395785,500,,Aggregated,58.400000,0.000000,3700,4200,4600,4900,5700,6500,7700,8800,12000,14000,15000,29956,9,3700,4000.59423821605,97,14779,10248.795900654293
1748395786,500,,Aggregated,58.900000,0.000000,3700,4200,4600,4900,5700,6500,7700,8800,12000,14000,15000,29990,9,3700,3999.7469156385464,97,14779,10248.646982327442
1748395787,500,,Aggregated,58.900000,0.000000,3700,4200,4600,4900,5700,6500,7700,8800,12000,14000,15000,30065,9,3700,3998.283319474472,97,14779,10247.900349243306
1748395788,500,,Aggregated,60.700000,0.100000,3700,4200,4600,4900,5700,6500,7700,8800,12000,14000,15000,30119,9,3700,3997.199143397855,97,14779,10246.29303761745
1748395789,500,,Aggregated,59.100000,0.100000,3700,4200,4600,4900,5700,6500,7700,8800,12000,14000,15000,30194,9,3700,3996.0569980790888,97,14779,10244.953268861364
1748395790,500,,Aggregated,60.700000,0.100000,3700,4200,4600,4900,5700,6500,7700,8800,12000,14000,15000,30256,9,3700,3994.6076150185086,97,14779,10242.86951348493
1748395791,500,,Aggregated,60.700000,0.100000,3700,4200,4600,4900,5700,6500,7700,8800,12000,14000,15000,30291,9,3700,3994.4120035654155,97,14779,10246.730910171338
1748395792,500,,Aggregated,61.600000,0.100000,3700,4200,4600,4900,5700,6500,7700,8800,12000,14000,15000,30346,9,3700,3993.3266657879126,97,14779,10246.219172213801
1748395793,500,,Aggregated,61.600000,0.100000,3700,4200,4600,4900,5700,6500,7700,8800,12000,14000,15000,30419,9,3700,3992.1859035471252,97,14779,10248.324895624446
1748395794,500,,Aggregated,58.000000,0.100000,3700,4200,4600,4900,5700,6500,7700,8800,12000,14000,15000,30487,9,3700,3991.7010201069306,97,14779,10250.170859710697
1748395795,500,,Aggregated,64.200000,0.100000,3700,4200,4600,4900,5700,6500,7700,8800,12000,14000,15000,30546,10,3700,3990.5746742617694,97,14779,10249.18071105873
1748395796,500,,Aggregated,62.000000,0.100000,3700,4200,4600,4900,5700,6500,7700,8800,12000,14000,15000,30602,10,3700,3990.2786419188287,97,14779,10248.727991634534
1748395797,500,,Aggregated,58.200000,0.000000,3700,4200,4600,4900,5700,6500,7700,8800,12000,14000,15000,30672,10,3700,3989.9065923317685,97,14779,10250.331833594157
1748395798,500,,Aggregated,58.200000,0.000000,3700,4200,4600,4900,5700,6500,7700,8800,12000,14000,15000,30708,10,3700,3990.2196496027095,97,14779,10251.768399114237
1748395799,500,,Aggregated,60.500000,0.100000,3700,4200,4600,4900,5700,6500,7600,8800,12000,14000,15000,30804,10,3700,3989.7343851447863,97,14779,10252.590215556422
1748395800,500,,Aggregated,60.500000,0.100000,3700,4200,4600,4900,5700,6500,7600,8800,12000,14000,15000,30820,10,3700,3989.828747566515,97,14779,10254.598280337443
1748395801,500,,Aggregated,60.700000,0.100000,3700,4200,4600,4900,5700,6500,7600,8800,12000,14000,15000,30860,10,3700,3989.863188593649,97,14779,10255.935482825664
1748395802,500,,Aggregated,56.500000,0.100000,3700,4200,4600,4900,5700,6500,7600,8800,12000,14000,15000,30946,10,3700,3989.632811995088,97,14779,10255.139953467331
1748395803,500,,Aggregated,56.400000,0.100000,3700,4200,4600,4900,5700,6500,7600,8700,12000,14000,15000,31005,10,3700,3990.183938074504,97,14779,10254.504467021448
1748395804,500,,Aggregated,60.900000,0.100000,3700,4200,4600,4900,5700,6500,7600,8700,12000,14000,15000,31068,10,3700,3989.7897515128107,97,14779,10253.81582335522
1748395805,500,,Aggregated,60.900000,0.100000,3700,4200,4600,4900,5700,6500,7600,8700,12000,14000,15000,31138,10,3700,3989.8705440298027,97,14779,10252.651101547948
1748395806,500,,Aggregated,56.400000,0.100000,3700,4200,4600,4900,5700,6500,7600,8700,12000,14000,15000,31201,10,3700,3989.802346078651,97,14779,10253.542033909169
1748395807,500,,Aggregated,56.400000,0.100000,3700,4200,4600,4900,5700,6500,7600,8700,12000,14000,15000,31262,10,3700,3989.203985669503,97,14779,10252.927099993602
1748395808,500,,Aggregated,59.700000,0.000000,3700,4200,4600,4900,5700,6500,7600,8700,12000,14000,15000,31346,10,3700,3989.1936132201877,97,14779,10253.314043259108
1748395809,500,,Aggregated,59.700000,0.000000,3700,4200,4600,4900,5700,6500,7600,8700,12000,14000,15000,31392,10,3700,3988.9644495412845,97,14779,10255.129204892966
1748395810,500,,Aggregated,62.300000,0.000000,3700,4200,4600,4900,5700,6500,7600,8700,12000,14000,15000,31444,10,3700,3989.228151634652,97,14779,10258.872503498284
1748395811,500,,Aggregated,59.200000,0.000000,3700,4200,4600,4900,5700,6500,7600,8700,12000,14000,15000,31491,10,3700,3989.086024578451,97,14779,10258.601124130704
1748395812,500,,Aggregated,59.000000,0.000000,3700,4200,4600,4900,5700,6500,7600,8700,12000,14000,15000,31555,10,3700,3989.2150847726193,97,14779,10260.191506892726
1748395813,500,,Aggregated,63.300000,0.000000,3700,4200,4600,4900,5700,6500,7600,8700,12000,14000,15000,31574,10,3700,3989.39697219231,97,14779,10260.407645531133
1748395814,500,,Aggregated,60.000000,0.000000,3700,4200,4600,4900,5700,6500,7600,8700,12000,14000,15000,31645,10,3700,3990.3940906936323,97,14779,10262.312750829515
1748395815,500,,Aggregated,56.900000,0.000000,3700,4200,4600,4900,5700,6500,7600,8700,12000,14000,15000,31732,10,3700,3990.8935459473087,97,14779,10263.055054834236
1748395816,500,,Aggregated,58.800000,0.000000,3700,4200,4600,4900,5700,6500,7600,8700,12000,14000,15000,31806,10,3700,3989.898729799409,97,14779,10261.850971514808
1748395817,500,,Aggregated,58.800000,0.000000,3700,4200,4600,4900,5700,6500,7600,8700,12000,14000,15000,31869,10,3700,3989.0639806708714,97,14779,10263.774012363112
1748395818,500,,Aggregated,60.000000,0.000000,3700,4200,4600,4900,5700,6500,7600,8700,12000,14000,15000,31931,10,3700,3988.689486705709,97,14779,10265.758447903292
1748395819,500,,Aggregated,60.000000,0.000000,3700,4200,4600,4800,5700,6500,7600,8700,12000,14000,15000,32007,10,3700,3986.851376261443,97,14779,10264.728465648139
1748395820,500,,Aggregated,60.000000,0.000000,3700,4200,4600,4800,5700,6500,7600,8700,12000,14000,15000,32028,10,3700,3986.49603471962,97,14779,10264.72002622705
1748395821,500,,Aggregated,60.800000,0.000000,3700,4200,4600,4800,5700,6500,7600,8700,12000,14000,15000,32129,10,3700,3986.211646798842,97,14779,10268.057549254567
1748395822,500,,Aggregated,61.800000,0.000000,3700,4200,4600,4800,5700,6500,7600,8700,12000,14000,15000,32175,10,3700,3984.918818958819,97,14779,10268.979922299923
1748395823,500,,Aggregated,61.800000,0.000000,3700,4200,4600,4800,5700,6500,7600,8700,12000,14000,15000,32237,10,3700,3982.7998883270775,97,14779,10267.597388094426
1748395824,500,,Aggregated,62.700000,0.000000,3700,4200,4600,4800,5700,6500,7600,8700,12000,14000,15000,32306,10,3700,3980.6222064012877,97,14779,10266.481303782579
1748395825,500,,Aggregated,62.700000,0.000000,3700,4200,4600,4800,5700,6500,7600,8700,12000,14000,15000,32363,10,3700,3979.284676945895,97,14779,10267.960077866699
1748395826,500,,Aggregated,66.600000,0.000000,3700,4200,4600,4800,5700,6500,7600,8700,12000,14000,15000,32432,10,3700,3977.0628083374445,97,14779,10267.857979773064
1748395827,500,,Aggregated,63.700000,0.000000,3700,4200,4600,4800,5700,6500,7600,8700,12000,14000,15000,32493,10,3700,3975.101437232635,97,14779,10266.84353553073
1748395828,500,,Aggregated,63.300000,0.000000,3700,4200,4600,4800,5700,6500,7600,8700,12000,14000,15000,32546,10,3700,3973.913568487679,97,14779,10266.741473606588
1748395829,500,,Aggregated,63.300000,0.000000,3700,4200,4600,4800,5700,6500,7600,8700,12000,14000,15000,32597,10,3700,3972.817866674847,97,14779,10267.168328373777
1748395830,500,,Aggregated,61.100000,0.000000,3700,4200,4600,4800,5700,6500,7600,8700,12000,14000,15000,32639,10,3700,3972.108214099697,97,14779,10266.95333803119
1748395831,500,,Aggregated,59.700000,0.000000,3700,4200,4600,4800,5700,6500,7600,8700,12000,14000,15000,32662,10,3700,3971.722950217378,97,14779,10266.905639581164
1748395832,500,,Aggregated,61.000000,0.000000,3700,4200,4600,4800,5700,6500,7600,8700,12000,14000,15000,32790,10,3700,3972.3099420555045,97,14779,10269.489722476364
1748395833,500,,Aggregated,61.000000,0.000000,3700,4200,4600,4800,5700,6500,7600,8700,12000,14000,15000,32832,10,3700,3971.988395467836,97,14779,10270.295260721248
1748395834,500,,Aggregated,60.700000,0.000000,3700,4200,4600,4800,5700,6500,7600,8700,12000,14000,15000,32867,10,3700,3971.36556424377,97,14779,10270.224084948428
1748395835,500,,Aggregated,59.500000,0.000000,3700,4200,4600,4800,5700,6500,7600,8700,12000,14000,15000,32935,10,3700,3971.212266585699,97,14779,10268.941672992258
1748395836,500,,Aggregated,55.200000,0.000000,3700,4200,4600,4800,5700,6500,7600,8700,12000,14000,15000,32999,10,3700,3971.5409860904874,97,14779,10268.76393224037
1748395837,500,,Aggregated,55.200000,0.000000,3700,4200,4600,4800,5700,6500,7600,8700,12000,14000,15000,33013,10,3700,3971.264804773877,97,14779,10267.79217278042
1748395838,500,,Aggregated,57.100000,0.000000,3700,4200,4600,4800,5700,6500,7600,8700,12000,14000,15000,33116,10,3700,3971.837329387607,97,14779,10269.343519748762
1748395839,500,,Aggregated,52.900000,0.000000,3700,4200,4600,4800,5700,6500,7600,8700,12000,14000,15000,33169,10,3700,3972.1623805360427,97,14779,10271.456450299978
1748395840,500,,Aggregated,58.900000,0.000000,3700,4200,4600,4800,5700,6500,7600,8700,12000,14000,15000,33227,10,3700,3971.468083185361,97,14779,10269.76398711891
1748395841,500,,Aggregated,56.700000,0.000000,3700,4200,4600,4800,5700,6500,7600,8700,12000,14000,15000,33291,10,3700,3971.4530053167523,97,14779,10269.945901294645
1748395842,500,,Aggregated,58.700000,0.000000,3700,4200,4600,4800,5700,6400,7600,8700,12000,14000,15000,33364,10,3700,3971.012858170483,97,14779,10268.25005994485
1748395843,500,,Aggregated,63.500000,0.000000,3700,4200,4600,4800,5700,6500,7600,8700,12000,14000,15000,33409,10,3700,3971.8867969708763,97,14779,10272.484689754257
1748395844,500,,Aggregated,58.200000,0.000000,3700,4200,4600,4800,5700,6500,7600,8700,12000,14000,15000,33461,10,3700,3971.735244015421,97,14779,10273.895878784257
1748395845,500,,Aggregated,58.200000,0.000000,3700,4200,4600,4800,5700,6500,7600,8700,12000,14000,15000,33528,10,3700,3971.984013361966,97,14779,10276.168963254593
1748395846,500,,Aggregated,60.100000,0.000000,3700,4200,4600,4800,5700,6500,7600,8700,12000,14000,15000,33613,10,3700,3971.656115193526,97,14779,10278.694076696516
1748395847,500,,Aggregated,59.400000,0.000000,3700,4200,4600,4800,5700,6400,7600,8700,12000,14000,15000,33678,10,3700,3971.5682047627533,97,14779,10278.814329829562
1748395848,500,,Aggregated,63.000000,0.000000,3700,4200,4600,4800,5700,6400,7600,8600,12000,14000,15000,33755,10,3700,3970.377188564657,97,14779,10278.744274922234
1748395849,500,,Aggregated,64.000000,0.000000,3700,4200,4600,4800,5700,6400,7600,8600,12000,14000,15000,33764,10,3700,3970.341636062078,97,14779,10279.020584054022
1748395850,500,,Aggregated,61.700000,0.000000,3700,4200,4600,4800,5700,6400,7600,8600,12000,14000,15000,33840,10,3700,3969.5645094562647,97,14779,10276.076566193853
1748395851,500,,Aggregated,59.900000,0.000000,3700,4200,4600,4800,5700,6400,7600,8600,12000,14000,15000,33861,10,3700,3969.6828209444493,97,14779,10277.586456395264
1748395852,500,,Aggregated,57.500000,0.000000,3700,4200,4600,4800,5700,6400,7600,8600,12000,14000,15000,33911,10,3700,3970.5509421721567,97,14779,10279.562472354104
1748395853,500,,Aggregated,55.900000,0.000000,3700,4200,4600,4800,5700,6400,7600,8600,12000,14000,15000,33990,10,3700,3971.876699029126,97,14779,10280.276610767873
1748395854,500,,Aggregated,54.600000,0.000000,3700,4200,4600,4800,5700,6400,7600,8600,12000,14000,15000,34071,10,3700,3972.4057996536644,97,14779,10281.328872061284
1748395855,500,,Aggregated,57.700000,0.000000,3700,4200,4600,4800,5700,6400,7600,8600,12000,14000,15000,34145,11,3700,3972.6231659100895,97,14779,10279.93091228584
1748395856,500,,Aggregated,59.700000,0.000000,3700,4200,4600,4800,5700,6400,7600,8600,12000,14000,15000,34195,11,3700,3971.9884778476385,97,14779,10278.876736364966
1748395857,500,,Aggregated,60.300000,0.100000,3700,4200,4600,4800,5700,6400,7600,8600,12000,14000,15000,34243,11,3700,3971.61919224367,97,14779,10279.62117805099
1748395858,500,,Aggregated,57.900000,0.100000,3700,4200,4600,4800,5700,6400,7600,8600,12000,14000,15000,34314,11,3700,3971.483884128927,97,14779,10278.843125254998
1748395859,500,,Aggregated,57.700000,0.100000,3700,4200,4600,4800,5700,6400,7600,8600,12000,14000,15000,34350,11,3700,3972.0949927219795,97,14779,10281.179679767103
